--
-- PostgreSQL database dump
--

\restrict JjxhHh4dfGdFKoLSEGopd6lPbMCBnfjpCBx0jNLADO1efCumaGm8CCWzHYakFAC

-- Dumped from database version 18.0
-- Dumped by pg_dump version 18.0

SET statement_timeout = 0;
SET lock_timeout = 0;
SET idle_in_transaction_session_timeout = 0;
SET transaction_timeout = 0;
SET client_encoding = 'UTF8';
SET standard_conforming_strings = on;
SELECT pg_catalog.set_config('search_path', '', false);
SET check_function_bodies = false;
SET xmloption = content;
SET client_min_messages = warning;
SET row_security = off;

SET default_tablespace = '';

SET default_table_access_method = heap;

--
-- Name: auth_group; Type: TABLE; Schema: public; Owner: kinocms_user
--

CREATE TABLE public.auth_group (
    id integer NOT NULL,
    name character varying(150) NOT NULL
);


ALTER TABLE public.auth_group OWNER TO kinocms_user;

--
-- Name: auth_group_id_seq; Type: SEQUENCE; Schema: public; Owner: kinocms_user
--

ALTER TABLE public.auth_group ALTER COLUMN id ADD GENERATED BY DEFAULT AS IDENTITY (
    SEQUENCE NAME public.auth_group_id_seq
    START WITH 1
    INCREMENT BY 1
    NO MINVALUE
    NO MAXVALUE
    CACHE 1
);


--
-- Name: auth_group_permissions; Type: TABLE; Schema: public; Owner: kinocms_user
--

CREATE TABLE public.auth_group_permissions (
    id bigint NOT NULL,
    group_id integer NOT NULL,
    permission_id integer NOT NULL
);


ALTER TABLE public.auth_group_permissions OWNER TO kinocms_user;

--
-- Name: auth_group_permissions_id_seq; Type: SEQUENCE; Schema: public; Owner: kinocms_user
--

ALTER TABLE public.auth_group_permissions ALTER COLUMN id ADD GENERATED BY DEFAULT AS IDENTITY (
    SEQUENCE NAME public.auth_group_permissions_id_seq
    START WITH 1
    INCREMENT BY 1
    NO MINVALUE
    NO MAXVALUE
    CACHE 1
);


--
-- Name: auth_permission; Type: TABLE; Schema: public; Owner: kinocms_user
--

CREATE TABLE public.auth_permission (
    id integer NOT NULL,
    name character varying(255) NOT NULL,
    content_type_id integer NOT NULL,
    codename character varying(100) NOT NULL
);


ALTER TABLE public.auth_permission OWNER TO kinocms_user;

--
-- Name: auth_permission_id_seq; Type: SEQUENCE; Schema: public; Owner: kinocms_user
--

ALTER TABLE public.auth_permission ALTER COLUMN id ADD GENERATED BY DEFAULT AS IDENTITY (
    SEQUENCE NAME public.auth_permission_id_seq
    START WITH 1
    INCREMENT BY 1
    NO MINVALUE
    NO MAXVALUE
    CACHE 1
);


--
-- Name: banner_bannerbackground; Type: TABLE; Schema: public; Owner: kinocms_user
--

CREATE TABLE public.banner_bannerbackground (
    id bigint NOT NULL,
    image character varying(100),
    title character varying(255) NOT NULL,
    use_image boolean NOT NULL
);


ALTER TABLE public.banner_bannerbackground OWNER TO kinocms_user;

--
-- Name: banner_bannerbackground_id_seq; Type: SEQUENCE; Schema: public; Owner: kinocms_user
--

ALTER TABLE public.banner_bannerbackground ALTER COLUMN id ADD GENERATED BY DEFAULT AS IDENTITY (
    SEQUENCE NAME public.banner_bannerbackground_id_seq
    START WITH 1
    INCREMENT BY 1
    NO MINVALUE
    NO MAXVALUE
    CACHE 1
);


--
-- Name: banner_banneritem; Type: TABLE; Schema: public; Owner: kinocms_user
--

CREATE TABLE public.banner_banneritem (
    id bigint NOT NULL,
    image character varying(100),
    url character varying(200) NOT NULL,
    text text NOT NULL,
    slider_id bigint NOT NULL,
    "order" integer NOT NULL,
    CONSTRAINT banner_banneritem_order_check CHECK (("order" >= 0))
);


ALTER TABLE public.banner_banneritem OWNER TO kinocms_user;

--
-- Name: banner_banneritem_id_seq; Type: SEQUENCE; Schema: public; Owner: kinocms_user
--

ALTER TABLE public.banner_banneritem ALTER COLUMN id ADD GENERATED BY DEFAULT AS IDENTITY (
    SEQUENCE NAME public.banner_banneritem_id_seq
    START WITH 1
    INCREMENT BY 1
    NO MINVALUE
    NO MAXVALUE
    CACHE 1
);


--
-- Name: banner_bannerslider; Type: TABLE; Schema: public; Owner: kinocms_user
--

CREATE TABLE public.banner_bannerslider (
    id bigint NOT NULL,
    title character varying(255) NOT NULL,
    rotation_time integer NOT NULL,
    is_active boolean NOT NULL,
    CONSTRAINT banner_bannerslider_rotation_time_check CHECK ((rotation_time >= 0))
);


ALTER TABLE public.banner_bannerslider OWNER TO kinocms_user;

--
-- Name: banner_bannerslider_id_seq; Type: SEQUENCE; Schema: public; Owner: kinocms_user
--

ALTER TABLE public.banner_bannerslider ALTER COLUMN id ADD GENERATED BY DEFAULT AS IDENTITY (
    SEQUENCE NAME public.banner_bannerslider_id_seq
    START WITH 1
    INCREMENT BY 1
    NO MINVALUE
    NO MAXVALUE
    CACHE 1
);


--
-- Name: banner_bottombanneritem; Type: TABLE; Schema: public; Owner: kinocms_user
--

CREATE TABLE public.banner_bottombanneritem (
    id bigint NOT NULL,
    image character varying(100),
    url character varying(200) NOT NULL,
    slider_id bigint NOT NULL,
    "order" integer NOT NULL,
    CONSTRAINT banner_bottombanneritem_order_check CHECK (("order" >= 0))
);


ALTER TABLE public.banner_bottombanneritem OWNER TO kinocms_user;

--
-- Name: banner_bottombanneritem_id_seq; Type: SEQUENCE; Schema: public; Owner: kinocms_user
--

ALTER TABLE public.banner_bottombanneritem ALTER COLUMN id ADD GENERATED BY DEFAULT AS IDENTITY (
    SEQUENCE NAME public.banner_bottombanneritem_id_seq
    START WITH 1
    INCREMENT BY 1
    NO MINVALUE
    NO MAXVALUE
    CACHE 1
);


--
-- Name: banner_bottombannerslider; Type: TABLE; Schema: public; Owner: kinocms_user
--

CREATE TABLE public.banner_bottombannerslider (
    id bigint NOT NULL,
    title character varying(255) NOT NULL,
    rotation_time integer NOT NULL,
    is_active boolean NOT NULL,
    CONSTRAINT banner_bottombannerslider_rotation_time_check CHECK ((rotation_time >= 0))
);


ALTER TABLE public.banner_bottombannerslider OWNER TO kinocms_user;

--
-- Name: banner_bottombannerslider_id_seq; Type: SEQUENCE; Schema: public; Owner: kinocms_user
--

ALTER TABLE public.banner_bottombannerslider ALTER COLUMN id ADD GENERATED BY DEFAULT AS IDENTITY (
    SEQUENCE NAME public.banner_bottombannerslider_id_seq
    START WITH 1
    INCREMENT BY 1
    NO MINVALUE
    NO MAXVALUE
    CACHE 1
);


--
-- Name: cinema_booking; Type: TABLE; Schema: public; Owner: kinocms_user
--

CREATE TABLE public.cinema_booking (
    id bigint NOT NULL,
    ticket_price numeric(10,2) NOT NULL,
    total_amount numeric(10,2) NOT NULL,
    created_at timestamp with time zone NOT NULL,
    expires_at timestamp with time zone,
    is_paid boolean NOT NULL,
    session_id bigint NOT NULL,
    user_id bigint NOT NULL
);


ALTER TABLE public.cinema_booking OWNER TO kinocms_user;

--
-- Name: cinema_booking_id_seq; Type: SEQUENCE; Schema: public; Owner: kinocms_user
--

ALTER TABLE public.cinema_booking ALTER COLUMN id ADD GENERATED BY DEFAULT AS IDENTITY (
    SEQUENCE NAME public.cinema_booking_id_seq
    START WITH 1
    INCREMENT BY 1
    NO MINVALUE
    NO MAXVALUE
    CACHE 1
);


--
-- Name: cinema_booking_seats; Type: TABLE; Schema: public; Owner: kinocms_user
--

CREATE TABLE public.cinema_booking_seats (
    id bigint NOT NULL,
    booking_id bigint NOT NULL,
    seat_id bigint NOT NULL
);


ALTER TABLE public.cinema_booking_seats OWNER TO kinocms_user;

--
-- Name: cinema_booking_seats_id_seq; Type: SEQUENCE; Schema: public; Owner: kinocms_user
--

ALTER TABLE public.cinema_booking_seats ALTER COLUMN id ADD GENERATED BY DEFAULT AS IDENTITY (
    SEQUENCE NAME public.cinema_booking_seats_id_seq
    START WITH 1
    INCREMENT BY 1
    NO MINVALUE
    NO MAXVALUE
    CACHE 1
);


--
-- Name: cinema_cinema; Type: TABLE; Schema: public; Owner: kinocms_user
--

CREATE TABLE public.cinema_cinema (
    id bigint NOT NULL,
    name character varying(50) NOT NULL,
    name_ru character varying(50),
    name_uk character varying(50),
    description text NOT NULL,
    description_ru text,
    description_uk text,
    conditions text NOT NULL,
    conditions_ru text,
    conditions_uk text,
    logo character varying(100) NOT NULL,
    banner character varying(100) NOT NULL,
    gallery_id bigint,
    seo_block_id bigint,
    created_at timestamp with time zone
);


ALTER TABLE public.cinema_cinema OWNER TO kinocms_user;

--
-- Name: cinema_cinema_id_seq; Type: SEQUENCE; Schema: public; Owner: kinocms_user
--

ALTER TABLE public.cinema_cinema ALTER COLUMN id ADD GENERATED BY DEFAULT AS IDENTITY (
    SEQUENCE NAME public.cinema_cinema_id_seq
    START WITH 1
    INCREMENT BY 1
    NO MINVALUE
    NO MAXVALUE
    CACHE 1
);


--
-- Name: cinema_hall; Type: TABLE; Schema: public; Owner: kinocms_user
--

CREATE TABLE public.cinema_hall (
    id bigint NOT NULL,
    name character varying(20) NOT NULL,
    description text NOT NULL,
    banner character varying(100) NOT NULL,
    cinema_id bigint NOT NULL,
    gallery_id bigint,
    seo_block_id bigint,
    created_at timestamp with time zone,
    scheme_data jsonb NOT NULL,
    description_ru text,
    description_uk text,
    name_ru character varying(20),
    name_uk character varying(20)
);


ALTER TABLE public.cinema_hall OWNER TO kinocms_user;

--
-- Name: cinema_hall_id_seq; Type: SEQUENCE; Schema: public; Owner: kinocms_user
--

ALTER TABLE public.cinema_hall ALTER COLUMN id ADD GENERATED BY DEFAULT AS IDENTITY (
    SEQUENCE NAME public.cinema_hall_id_seq
    START WITH 1
    INCREMENT BY 1
    NO MINVALUE
    NO MAXVALUE
    CACHE 1
);


--
-- Name: cinema_movie; Type: TABLE; Schema: public; Owner: kinocms_user
--

CREATE TABLE public.cinema_movie (
    id bigint NOT NULL,
    name character varying(50) NOT NULL,
    name_uk character varying(50),
    name_ru character varying(50),
    description text NOT NULL,
    description_ru text,
    description_uk text,
    poster character varying(100) NOT NULL,
    trailer_url character varying(200) NOT NULL,
    gallery_id bigint,
    seo_block_id bigint,
    end_date date NOT NULL,
    formats character varying(10)[] NOT NULL,
    start_date date NOT NULL
);


ALTER TABLE public.cinema_movie OWNER TO kinocms_user;

--
-- Name: cinema_movie_id_seq; Type: SEQUENCE; Schema: public; Owner: kinocms_user
--

ALTER TABLE public.cinema_movie ALTER COLUMN id ADD GENERATED BY DEFAULT AS IDENTITY (
    SEQUENCE NAME public.cinema_movie_id_seq
    START WITH 1
    INCREMENT BY 1
    NO MINVALUE
    NO MAXVALUE
    CACHE 1
);


--
-- Name: cinema_seat; Type: TABLE; Schema: public; Owner: kinocms_user
--

CREATE TABLE public.cinema_seat (
    id bigint NOT NULL,
    "row" integer NOT NULL,
    number integer NOT NULL,
    is_available boolean NOT NULL,
    hall_id bigint NOT NULL,
    CONSTRAINT cinema_seat_number_check CHECK ((number >= 0)),
    CONSTRAINT cinema_seat_row_check CHECK (("row" >= 0))
);


ALTER TABLE public.cinema_seat OWNER TO kinocms_user;

--
-- Name: cinema_seat_id_seq; Type: SEQUENCE; Schema: public; Owner: kinocms_user
--

ALTER TABLE public.cinema_seat ALTER COLUMN id ADD GENERATED BY DEFAULT AS IDENTITY (
    SEQUENCE NAME public.cinema_seat_id_seq
    START WITH 1
    INCREMENT BY 1
    NO MINVALUE
    NO MAXVALUE
    CACHE 1
);


--
-- Name: cinema_session; Type: TABLE; Schema: public; Owner: kinocms_user
--

CREATE TABLE public.cinema_session (
    id bigint NOT NULL,
    price numeric(10,2) NOT NULL,
    hall_id bigint NOT NULL,
    movie_id bigint NOT NULL,
    end_time timestamp with time zone NOT NULL,
    start_time timestamp with time zone NOT NULL,
    format character varying(10) NOT NULL
);


ALTER TABLE public.cinema_session OWNER TO kinocms_user;

--
-- Name: cinema_session_id_seq; Type: SEQUENCE; Schema: public; Owner: kinocms_user
--

ALTER TABLE public.cinema_session ALTER COLUMN id ADD GENERATED BY DEFAULT AS IDENTITY (
    SEQUENCE NAME public.cinema_session_id_seq
    START WITH 1
    INCREMENT BY 1
    NO MINVALUE
    NO MAXVALUE
    CACHE 1
);


--
-- Name: core_gallery; Type: TABLE; Schema: public; Owner: kinocms_user
--

CREATE TABLE public.core_gallery (
    id bigint NOT NULL,
    name character varying(50) NOT NULL
);


ALTER TABLE public.core_gallery OWNER TO kinocms_user;

--
-- Name: core_gallery_id_seq; Type: SEQUENCE; Schema: public; Owner: kinocms_user
--

ALTER TABLE public.core_gallery ALTER COLUMN id ADD GENERATED BY DEFAULT AS IDENTITY (
    SEQUENCE NAME public.core_gallery_id_seq
    START WITH 1
    INCREMENT BY 1
    NO MINVALUE
    NO MAXVALUE
    CACHE 1
);


--
-- Name: core_galleryimage; Type: TABLE; Schema: public; Owner: kinocms_user
--

CREATE TABLE public.core_galleryimage (
    id bigint NOT NULL,
    image character varying(100) NOT NULL,
    gallery_id bigint NOT NULL
);


ALTER TABLE public.core_galleryimage OWNER TO kinocms_user;

--
-- Name: core_image_id_seq; Type: SEQUENCE; Schema: public; Owner: kinocms_user
--

ALTER TABLE public.core_galleryimage ALTER COLUMN id ADD GENERATED BY DEFAULT AS IDENTITY (
    SEQUENCE NAME public.core_image_id_seq
    START WITH 1
    INCREMENT BY 1
    NO MINVALUE
    NO MAXVALUE
    CACHE 1
);


--
-- Name: core_mailing; Type: TABLE; Schema: public; Owner: kinocms_user
--

CREATE TABLE public.core_mailing (
    id bigint NOT NULL,
    send_to_all boolean NOT NULL,
    status character varying(20) NOT NULL,
    total_recipients integer NOT NULL,
    sent_count integer NOT NULL,
    failed_count integer NOT NULL,
    celery_task_id character varying(255),
    created_at timestamp with time zone NOT NULL,
    started_at timestamp with time zone,
    completed_at timestamp with time zone,
    file_id bigint
);


ALTER TABLE public.core_mailing OWNER TO kinocms_user;

--
-- Name: core_mailing_id_seq; Type: SEQUENCE; Schema: public; Owner: kinocms_user
--

ALTER TABLE public.core_mailing ALTER COLUMN id ADD GENERATED BY DEFAULT AS IDENTITY (
    SEQUENCE NAME public.core_mailing_id_seq
    START WITH 1
    INCREMENT BY 1
    NO MINVALUE
    NO MAXVALUE
    CACHE 1
);


--
-- Name: core_mailingfile; Type: TABLE; Schema: public; Owner: kinocms_user
--

CREATE TABLE public.core_mailingfile (
    id bigint NOT NULL,
    file character varying(100) NOT NULL,
    original_name character varying(255) NOT NULL,
    uploaded_at timestamp with time zone NOT NULL,
    file_size integer NOT NULL
);


ALTER TABLE public.core_mailingfile OWNER TO kinocms_user;

--
-- Name: core_mailingfile_id_seq; Type: SEQUENCE; Schema: public; Owner: kinocms_user
--

ALTER TABLE public.core_mailingfile ALTER COLUMN id ADD GENERATED BY DEFAULT AS IDENTITY (
    SEQUENCE NAME public.core_mailingfile_id_seq
    START WITH 1
    INCREMENT BY 1
    NO MINVALUE
    NO MAXVALUE
    CACHE 1
);


--
-- Name: core_mailingrecipient; Type: TABLE; Schema: public; Owner: kinocms_user
--

CREATE TABLE public.core_mailingrecipient (
    id bigint NOT NULL,
    status character varying(20) NOT NULL,
    error_message text,
    sent_at timestamp with time zone,
    mailing_id bigint NOT NULL,
    user_id bigint NOT NULL
);


ALTER TABLE public.core_mailingrecipient OWNER TO kinocms_user;

--
-- Name: core_mailingrecipient_id_seq; Type: SEQUENCE; Schema: public; Owner: kinocms_user
--

ALTER TABLE public.core_mailingrecipient ALTER COLUMN id ADD GENERATED BY DEFAULT AS IDENTITY (
    SEQUENCE NAME public.core_mailingrecipient_id_seq
    START WITH 1
    INCREMENT BY 1
    NO MINVALUE
    NO MAXVALUE
    CACHE 1
);


--
-- Name: core_seoblock; Type: TABLE; Schema: public; Owner: kinocms_user
--

CREATE TABLE public.core_seoblock (
    id bigint NOT NULL,
    title character varying(200) NOT NULL,
    url character varying(200) NOT NULL,
    keywords character varying(255) NOT NULL,
    description text NOT NULL
);


ALTER TABLE public.core_seoblock OWNER TO kinocms_user;

--
-- Name: core_seoblock_id_seq; Type: SEQUENCE; Schema: public; Owner: kinocms_user
--

ALTER TABLE public.core_seoblock ALTER COLUMN id ADD GENERATED BY DEFAULT AS IDENTITY (
    SEQUENCE NAME public.core_seoblock_id_seq
    START WITH 1
    INCREMENT BY 1
    NO MINVALUE
    NO MAXVALUE
    CACHE 1
);


--
-- Name: django_admin_log; Type: TABLE; Schema: public; Owner: kinocms_user
--

CREATE TABLE public.django_admin_log (
    id integer NOT NULL,
    action_time timestamp with time zone NOT NULL,
    object_id text,
    object_repr character varying(200) NOT NULL,
    action_flag smallint NOT NULL,
    change_message text NOT NULL,
    content_type_id integer,
    user_id bigint NOT NULL,
    CONSTRAINT django_admin_log_action_flag_check CHECK ((action_flag >= 0))
);


ALTER TABLE public.django_admin_log OWNER TO kinocms_user;

--
-- Name: django_admin_log_id_seq; Type: SEQUENCE; Schema: public; Owner: kinocms_user
--

ALTER TABLE public.django_admin_log ALTER COLUMN id ADD GENERATED BY DEFAULT AS IDENTITY (
    SEQUENCE NAME public.django_admin_log_id_seq
    START WITH 1
    INCREMENT BY 1
    NO MINVALUE
    NO MAXVALUE
    CACHE 1
);


--
-- Name: django_celery_results_chordcounter; Type: TABLE; Schema: public; Owner: kinocms_user
--

CREATE TABLE public.django_celery_results_chordcounter (
    id integer NOT NULL,
    group_id character varying(255) NOT NULL,
    sub_tasks text NOT NULL,
    count integer NOT NULL,
    CONSTRAINT django_celery_results_chordcounter_count_check CHECK ((count >= 0))
);


ALTER TABLE public.django_celery_results_chordcounter OWNER TO kinocms_user;

--
-- Name: django_celery_results_chordcounter_id_seq; Type: SEQUENCE; Schema: public; Owner: kinocms_user
--

ALTER TABLE public.django_celery_results_chordcounter ALTER COLUMN id ADD GENERATED BY DEFAULT AS IDENTITY (
    SEQUENCE NAME public.django_celery_results_chordcounter_id_seq
    START WITH 1
    INCREMENT BY 1
    NO MINVALUE
    NO MAXVALUE
    CACHE 1
);


--
-- Name: django_celery_results_groupresult; Type: TABLE; Schema: public; Owner: kinocms_user
--

CREATE TABLE public.django_celery_results_groupresult (
    id integer NOT NULL,
    group_id character varying(255) NOT NULL,
    date_created timestamp with time zone NOT NULL,
    date_done timestamp with time zone NOT NULL,
    content_type character varying(128) NOT NULL,
    content_encoding character varying(64) NOT NULL,
    result text
);


ALTER TABLE public.django_celery_results_groupresult OWNER TO kinocms_user;

--
-- Name: django_celery_results_groupresult_id_seq; Type: SEQUENCE; Schema: public; Owner: kinocms_user
--

ALTER TABLE public.django_celery_results_groupresult ALTER COLUMN id ADD GENERATED BY DEFAULT AS IDENTITY (
    SEQUENCE NAME public.django_celery_results_groupresult_id_seq
    START WITH 1
    INCREMENT BY 1
    NO MINVALUE
    NO MAXVALUE
    CACHE 1
);


--
-- Name: django_celery_results_taskresult; Type: TABLE; Schema: public; Owner: kinocms_user
--

CREATE TABLE public.django_celery_results_taskresult (
    id integer NOT NULL,
    task_id character varying(255) NOT NULL,
    status character varying(50) NOT NULL,
    content_type character varying(128) NOT NULL,
    content_encoding character varying(64) NOT NULL,
    result text,
    date_done timestamp with time zone NOT NULL,
    traceback text,
    meta text,
    task_args text,
    task_kwargs text,
    task_name character varying(255),
    worker character varying(100),
    date_created timestamp with time zone NOT NULL,
    periodic_task_name character varying(255),
    date_started timestamp with time zone
);


ALTER TABLE public.django_celery_results_taskresult OWNER TO kinocms_user;

--
-- Name: django_celery_results_taskresult_id_seq; Type: SEQUENCE; Schema: public; Owner: kinocms_user
--

ALTER TABLE public.django_celery_results_taskresult ALTER COLUMN id ADD GENERATED BY DEFAULT AS IDENTITY (
    SEQUENCE NAME public.django_celery_results_taskresult_id_seq
    START WITH 1
    INCREMENT BY 1
    NO MINVALUE
    NO MAXVALUE
    CACHE 1
);


--
-- Name: django_content_type; Type: TABLE; Schema: public; Owner: kinocms_user
--

CREATE TABLE public.django_content_type (
    id integer NOT NULL,
    app_label character varying(100) NOT NULL,
    model character varying(100) NOT NULL
);


ALTER TABLE public.django_content_type OWNER TO kinocms_user;

--
-- Name: django_content_type_id_seq; Type: SEQUENCE; Schema: public; Owner: kinocms_user
--

ALTER TABLE public.django_content_type ALTER COLUMN id ADD GENERATED BY DEFAULT AS IDENTITY (
    SEQUENCE NAME public.django_content_type_id_seq
    START WITH 1
    INCREMENT BY 1
    NO MINVALUE
    NO MAXVALUE
    CACHE 1
);


--
-- Name: django_migrations; Type: TABLE; Schema: public; Owner: kinocms_user
--

CREATE TABLE public.django_migrations (
    id bigint NOT NULL,
    app character varying(255) NOT NULL,
    name character varying(255) NOT NULL,
    applied timestamp with time zone NOT NULL
);


ALTER TABLE public.django_migrations OWNER TO kinocms_user;

--
-- Name: django_migrations_id_seq; Type: SEQUENCE; Schema: public; Owner: kinocms_user
--

ALTER TABLE public.django_migrations ALTER COLUMN id ADD GENERATED BY DEFAULT AS IDENTITY (
    SEQUENCE NAME public.django_migrations_id_seq
    START WITH 1
    INCREMENT BY 1
    NO MINVALUE
    NO MAXVALUE
    CACHE 1
);


--
-- Name: django_session; Type: TABLE; Schema: public; Owner: kinocms_user
--

CREATE TABLE public.django_session (
    session_key character varying(40) NOT NULL,
    session_data text NOT NULL,
    expire_date timestamp with time zone NOT NULL
);


ALTER TABLE public.django_session OWNER TO kinocms_user;

--
-- Name: page_pagecontacts; Type: TABLE; Schema: public; Owner: kinocms_user
--

CREATE TABLE public.page_pagecontacts (
    id bigint NOT NULL,
    cinema_name character varying(100) NOT NULL,
    address text NOT NULL,
    coordinates character varying(100) NOT NULL,
    logo character varying(100),
    status boolean NOT NULL,
    date timestamp with time zone NOT NULL,
    seo_block_id bigint,
    is_main boolean NOT NULL,
    "order" integer NOT NULL
);


ALTER TABLE public.page_pagecontacts OWNER TO kinocms_user;

--
-- Name: page_pagecontacts_id_seq; Type: SEQUENCE; Schema: public; Owner: kinocms_user
--

ALTER TABLE public.page_pagecontacts ALTER COLUMN id ADD GENERATED BY DEFAULT AS IDENTITY (
    SEQUENCE NAME public.page_pagecontacts_id_seq
    START WITH 1
    INCREMENT BY 1
    NO MINVALUE
    NO MAXVALUE
    CACHE 1
);


--
-- Name: page_pageelse; Type: TABLE; Schema: public; Owner: kinocms_user
--

CREATE TABLE public.page_pageelse (
    id bigint NOT NULL,
    name character varying(100) NOT NULL,
    description text NOT NULL,
    logo character varying(100) NOT NULL,
    date timestamp with time zone NOT NULL,
    status boolean NOT NULL,
    can_delete boolean NOT NULL,
    gallery_id bigint,
    seo_block_id bigint,
    description_ru text,
    description_uk text,
    is_system boolean NOT NULL,
    name_ru character varying(100),
    name_uk character varying(100),
    slug character varying(100) NOT NULL
);


ALTER TABLE public.page_pageelse OWNER TO kinocms_user;

--
-- Name: page_pageelse_id_seq; Type: SEQUENCE; Schema: public; Owner: kinocms_user
--

ALTER TABLE public.page_pageelse ALTER COLUMN id ADD GENERATED BY DEFAULT AS IDENTITY (
    SEQUENCE NAME public.page_pageelse_id_seq
    START WITH 1
    INCREMENT BY 1
    NO MINVALUE
    NO MAXVALUE
    CACHE 1
);


--
-- Name: page_pagemain; Type: TABLE; Schema: public; Owner: kinocms_user
--

CREATE TABLE public.page_pagemain (
    id bigint NOT NULL,
    phone_number1 character varying(20) NOT NULL,
    phone_number2 character varying(20) NOT NULL,
    status boolean NOT NULL,
    date timestamp with time zone NOT NULL,
    seo_text text,
    seo_block_id bigint,
    can_delete boolean NOT NULL,
    seo_text_ru text,
    seo_text_uk text
);


ALTER TABLE public.page_pagemain OWNER TO kinocms_user;

--
-- Name: page_pagemain_id_seq; Type: SEQUENCE; Schema: public; Owner: kinocms_user
--

ALTER TABLE public.page_pagemain ALTER COLUMN id ADD GENERATED BY DEFAULT AS IDENTITY (
    SEQUENCE NAME public.page_pagemain_id_seq
    START WITH 1
    INCREMENT BY 1
    NO MINVALUE
    NO MAXVALUE
    CACHE 1
);


--
-- Name: page_pagenewssales; Type: TABLE; Schema: public; Owner: kinocms_user
--

CREATE TABLE public.page_pagenewssales (
    id bigint NOT NULL,
    type character varying(10) NOT NULL,
    name character varying(100) NOT NULL,
    name_ru character varying(100),
    name_uk character varying(100),
    description text NOT NULL,
    description_ru text,
    description_uk text,
    date timestamp with time zone NOT NULL,
    publish_date date NOT NULL,
    logo character varying(100) NOT NULL,
    video_url character varying(200) NOT NULL,
    status boolean NOT NULL,
    gallery_id bigint,
    seo_block_id bigint
);


ALTER TABLE public.page_pagenewssales OWNER TO kinocms_user;

--
-- Name: page_pagenewssales_id_seq; Type: SEQUENCE; Schema: public; Owner: kinocms_user
--

ALTER TABLE public.page_pagenewssales ALTER COLUMN id ADD GENERATED BY DEFAULT AS IDENTITY (
    SEQUENCE NAME public.page_pagenewssales_id_seq
    START WITH 1
    INCREMENT BY 1
    NO MINVALUE
    NO MAXVALUE
    CACHE 1
);


--
-- Name: users_customuser; Type: TABLE; Schema: public; Owner: kinocms_user
--

CREATE TABLE public.users_customuser (
    id bigint NOT NULL,
    password character varying(128) NOT NULL,
    last_login timestamp with time zone,
    is_superuser boolean NOT NULL,
    is_staff boolean NOT NULL,
    is_active boolean NOT NULL,
    date_joined timestamp with time zone NOT NULL,
    email character varying(250) NOT NULL,
    first_name character varying(50) NOT NULL,
    last_name character varying(50) NOT NULL,
    address character varying(250),
    card_number character varying(16),
    phone_number character varying(10),
    date_of_birth date,
    city character varying(100),
    gender character varying(100),
    language character varying(100),
    nickname character varying(128)
);


ALTER TABLE public.users_customuser OWNER TO kinocms_user;

--
-- Name: users_customuser_groups; Type: TABLE; Schema: public; Owner: kinocms_user
--

CREATE TABLE public.users_customuser_groups (
    id bigint NOT NULL,
    customuser_id bigint NOT NULL,
    group_id integer NOT NULL
);


ALTER TABLE public.users_customuser_groups OWNER TO kinocms_user;

--
-- Name: users_customuser_groups_id_seq; Type: SEQUENCE; Schema: public; Owner: kinocms_user
--

ALTER TABLE public.users_customuser_groups ALTER COLUMN id ADD GENERATED BY DEFAULT AS IDENTITY (
    SEQUENCE NAME public.users_customuser_groups_id_seq
    START WITH 1
    INCREMENT BY 1
    NO MINVALUE
    NO MAXVALUE
    CACHE 1
);


--
-- Name: users_customuser_id_seq; Type: SEQUENCE; Schema: public; Owner: kinocms_user
--

ALTER TABLE public.users_customuser ALTER COLUMN id ADD GENERATED BY DEFAULT AS IDENTITY (
    SEQUENCE NAME public.users_customuser_id_seq
    START WITH 1
    INCREMENT BY 1
    NO MINVALUE
    NO MAXVALUE
    CACHE 1
);


--
-- Name: users_customuser_user_permissions; Type: TABLE; Schema: public; Owner: kinocms_user
--

CREATE TABLE public.users_customuser_user_permissions (
    id bigint NOT NULL,
    customuser_id bigint NOT NULL,
    permission_id integer NOT NULL
);


ALTER TABLE public.users_customuser_user_permissions OWNER TO kinocms_user;

--
-- Name: users_customuser_user_permissions_id_seq; Type: SEQUENCE; Schema: public; Owner: kinocms_user
--

ALTER TABLE public.users_customuser_user_permissions ALTER COLUMN id ADD GENERATED BY DEFAULT AS IDENTITY (
    SEQUENCE NAME public.users_customuser_user_permissions_id_seq
    START WITH 1
    INCREMENT BY 1
    NO MINVALUE
    NO MAXVALUE
    CACHE 1
);


--
-- Data for Name: auth_group; Type: TABLE DATA; Schema: public; Owner: kinocms_user
--

COPY public.auth_group (id, name) FROM stdin;
\.


--
-- Data for Name: auth_group_permissions; Type: TABLE DATA; Schema: public; Owner: kinocms_user
--

COPY public.auth_group_permissions (id, group_id, permission_id) FROM stdin;
\.


--
-- Data for Name: auth_permission; Type: TABLE DATA; Schema: public; Owner: kinocms_user
--

COPY public.auth_permission (id, name, content_type_id, codename) FROM stdin;
1	Can add log entry	1	add_logentry
2	Can change log entry	1	change_logentry
3	Can delete log entry	1	delete_logentry
4	Can view log entry	1	view_logentry
5	Can add permission	2	add_permission
6	Can change permission	2	change_permission
7	Can delete permission	2	delete_permission
8	Can view permission	2	view_permission
9	Can add group	3	add_group
10	Can change group	3	change_group
11	Can delete group	3	delete_group
12	Can view group	3	view_group
13	Can add content type	4	add_contenttype
14	Can change content type	4	change_contenttype
15	Can delete content type	4	delete_contenttype
16	Can view content type	4	view_contenttype
17	Can add session	5	add_session
18	Can change session	5	change_session
19	Can delete session	5	delete_session
20	Can view session	5	view_session
21	Can add Галерея	6	add_gallery
22	Can change Галерея	6	change_gallery
23	Can delete Галерея	6	delete_gallery
24	Can view Галерея	6	view_gallery
25	Can add Изображение	7	add_image
26	Can change Изображение	7	change_image
27	Can delete Изображение	7	delete_image
28	Can view Изображение	7	view_image
29	Can add SEO блок	8	add_seoblock
30	Can change SEO блок	8	change_seoblock
31	Can delete SEO блок	8	delete_seoblock
32	Can view SEO блок	8	view_seoblock
33	Can add Бронирование	9	add_booking
34	Can change Бронирование	9	change_booking
35	Can delete Бронирование	9	delete_booking
36	Can view Бронирование	9	view_booking
37	Can add Кинотеатр	10	add_cinema
38	Can change Кинотеатр	10	change_cinema
39	Can delete Кинотеатр	10	delete_cinema
40	Can view Кинотеатр	10	view_cinema
41	Can add Зал	11	add_hall
42	Can change Зал	11	change_hall
43	Can delete Зал	11	delete_hall
44	Can view Зал	11	view_hall
45	Can add Фильм	12	add_movie
46	Can change Фильм	12	change_movie
47	Can delete Фильм	12	delete_movie
48	Can view Фильм	12	view_movie
49	Can add Сеанс	13	add_session
50	Can change Сеанс	13	change_session
51	Can delete Сеанс	13	delete_session
52	Can view Сеанс	13	view_session
53	Can add page contacts	14	add_pagecontacts
54	Can change page contacts	14	change_pagecontacts
55	Can delete page contacts	14	delete_pagecontacts
56	Can view page contacts	14	view_pagecontacts
57	Can add page else	15	add_pageelse
58	Can change page else	15	change_pageelse
59	Can delete page else	15	delete_pageelse
60	Can view page else	15	view_pageelse
61	Can add page main	16	add_pagemain
62	Can change page main	16	change_pagemain
63	Can delete page main	16	delete_pagemain
64	Can view page main	16	view_pagemain
65	Can add page news promos	17	add_pagenewspromos
66	Can change page news promos	17	change_pagenewspromos
67	Can delete page news promos	17	delete_pagenewspromos
68	Can view page news promos	17	view_pagenewspromos
69	Can add banner background	18	add_bannerbackground
70	Can change banner background	18	change_bannerbackground
71	Can delete banner background	18	delete_bannerbackground
72	Can view banner background	18	view_bannerbackground
73	Can add banner settings	19	add_bannersettings
74	Can change banner settings	19	change_bannersettings
75	Can delete banner settings	19	delete_bannersettings
76	Can view banner settings	19	view_bannersettings
77	Can add user	20	add_customuser
78	Can change user	20	change_customuser
79	Can delete user	20	delete_customuser
80	Can view user	20	view_customuser
81	Can add Новость/Акция	21	add_pagenewssales
82	Can change Новость/Акция	21	change_pagenewssales
83	Can delete Новость/Акция	21	delete_pagenewssales
84	Can view Новость/Акция	21	view_pagenewssales
85	Can add image1	22	add_image1
86	Can change image1	22	change_image1
87	Can delete image1	22	delete_image1
88	Can view image1	22	view_image1
89	Can add seo block1	23	add_seoblock1
90	Can change seo block1	23	change_seoblock1
91	Can delete seo block1	23	delete_seoblock1
92	Can view seo block1	23	view_seoblock1
93	Can add gallery image	7	add_galleryimage
94	Can change gallery image	7	change_galleryimage
95	Can delete gallery image	7	delete_galleryimage
96	Can view gallery image	7	view_galleryimage
97	Can add seat	24	add_seat
98	Can change seat	24	change_seat
99	Can delete seat	24	delete_seat
100	Can view seat	24	view_seat
101	Can add Бронирование	25	add_booking
102	Can change Бронирование	25	change_booking
103	Can delete Бронирование	25	delete_booking
104	Can view Бронирование	25	view_booking
105	Can add banner item	26	add_banneritem
106	Can change banner item	26	change_banneritem
107	Can delete banner item	26	delete_banneritem
108	Can view banner item	26	view_banneritem
109	Can add banner slider	27	add_bannerslider
110	Can change banner slider	27	change_bannerslider
111	Can delete banner slider	27	delete_bannerslider
112	Can view banner slider	27	view_bannerslider
113	Can add bottom banner item	28	add_bottombanneritem
114	Can change bottom banner item	28	change_bottombanneritem
115	Can delete bottom banner item	28	delete_bottombanneritem
116	Can view bottom banner item	28	view_bottombanneritem
117	Can add bottom banner slider	29	add_bottombannerslider
118	Can change bottom banner slider	29	change_bottombannerslider
119	Can delete bottom banner slider	29	delete_bottombannerslider
120	Can view bottom banner slider	29	view_bottombannerslider
121	Can add task result	30	add_taskresult
122	Can change task result	30	change_taskresult
123	Can delete task result	30	delete_taskresult
124	Can view task result	30	view_taskresult
125	Can add chord counter	31	add_chordcounter
126	Can change chord counter	31	change_chordcounter
127	Can delete chord counter	31	delete_chordcounter
128	Can view chord counter	31	view_chordcounter
129	Can add group result	32	add_groupresult
130	Can change group result	32	change_groupresult
131	Can delete group result	32	delete_groupresult
132	Can view group result	32	view_groupresult
133	Can add Рассылка	33	add_mailing
134	Can change Рассылка	33	change_mailing
135	Can delete Рассылка	33	delete_mailing
136	Can view Рассылка	33	view_mailing
137	Can add Получатель рассылки	34	add_mailingrecipient
138	Can change Получатель рассылки	34	change_mailingrecipient
139	Can delete Получатель рассылки	34	delete_mailingrecipient
140	Can view Получатель рассылки	34	view_mailingrecipient
141	Can add Файл рассылки	35	add_mailingfile
142	Can change Файл рассылки	35	change_mailingfile
143	Can delete Файл рассылки	35	delete_mailingfile
144	Can view Файл рассылки	35	view_mailingfile
\.


--
-- Data for Name: banner_bannerbackground; Type: TABLE DATA; Schema: public; Owner: kinocms_user
--

COPY public.banner_bannerbackground (id, image, title, use_image) FROM stdin;
1	banner_background/4.jpg	Фон	f
\.


--
-- Data for Name: banner_banneritem; Type: TABLE DATA; Schema: public; Owner: kinocms_user
--

COPY public.banner_banneritem (id, image, url, text, slider_id, "order") FROM stdin;
8	banner_image/251105_18h06m49s_screenshot_d61lxTT.png	http://127.0.0.1:8000/admin-panel/banners/	1	1	0
10	banner_image/251105_18h06m27s_screenshot_lZUVDCO.png	http://127.0.0.1:8000/admin-panel/banners/	2	1	0
13	banner_image/251105_18h05m14s_screenshot_5D7VO1j.png			1	0
\.


--
-- Data for Name: banner_bannerslider; Type: TABLE DATA; Schema: public; Owner: kinocms_user
--

COPY public.banner_bannerslider (id, title, rotation_time, is_active) FROM stdin;
1	На главной верх	15	t
\.


--
-- Data for Name: banner_bottombanneritem; Type: TABLE DATA; Schema: public; Owner: kinocms_user
--

COPY public.banner_bottombanneritem (id, image, url, slider_id, "order") FROM stdin;
5	banner_image/251105_18h06m49s_screenshot.png	http://127.0.0.1:8000/admin-panel/banners/	2	0
6	banner_image/251105_18h06m04s_screenshot.png	http://127.0.0.1:8000/admin-panel/banners/	2	0
7	banner_image/251105_18h06m27s_screenshot.png	http://127.0.0.1:8000/admin-panel/banners/	2	0
8	banner_image/251105_18h05m14s_screenshot.png		2	0
\.


--
-- Data for Name: banner_bottombannerslider; Type: TABLE DATA; Schema: public; Owner: kinocms_user
--

COPY public.banner_bottombannerslider (id, title, rotation_time, is_active) FROM stdin;
2	На главной Новости Акции внизу	10	t
\.


--
-- Data for Name: cinema_booking; Type: TABLE DATA; Schema: public; Owner: kinocms_user
--

COPY public.cinema_booking (id, ticket_price, total_amount, created_at, expires_at, is_paid, session_id, user_id) FROM stdin;
\.


--
-- Data for Name: cinema_booking_seats; Type: TABLE DATA; Schema: public; Owner: kinocms_user
--

COPY public.cinema_booking_seats (id, booking_id, seat_id) FROM stdin;
\.


--
-- Data for Name: cinema_cinema; Type: TABLE DATA; Schema: public; Owner: kinocms_user
--

COPY public.cinema_cinema (id, name, name_ru, name_uk, description, description_ru, description_uk, conditions, conditions_ru, conditions_uk, logo, banner, gallery_id, seo_block_id, created_at) FROM stdin;
2	Мультиплекс	Мультиплекс	Мультиплекс (укр)	MULTIPLEX – это самая большая сеть кинотеатров в Украине основанная в 2004 году.\r\nMULTIPLEX - это 26 кинотеатров и 151 кинозал в самых больших городах Украины.\r\nСогласно лучшим мировым практикам корпоративного управления, в августе 2018 года был сформован высший орган управления компанией MULTIPLEX – борд, в состав которого вошли влиятельные украинские предприниматели, управленцы и лидеры общественного мнения.	MULTIPLEX – это самая большая сеть кинотеатров в Украине основанная в 2004 году.\r\nMULTIPLEX - это 26 кинотеатров и 151 кинозал в самых больших городах Украины.\r\nСогласно лучшим мировым практикам корпоративного управления, в августе 2018 года был сформован высший орган управления компанией MULTIPLEX – борд, в состав которого вошли влиятельные украинские предприниматели, управленцы и лидеры общественного мнения.	MULTIPLEX - це найбільша мережа кінотеатрів в Україні заснована у 2004 році.\r\nMULTIPLEX - це 26 кінотеатрів та 151 кінозал у найбільших містах України.\r\nВідповідно до кращої світової практики корпоративного управління, у серпні 2018 року був сформований найвищий орган управління компанією MULTIPLEX – борд, до складу якого увійшли впливові українські підприємці, управлінці і лідери громадської думки.	НАШИ КИНОТЕАТРЫ - пространство, где гости получат эмоции и качественный отдых, благодаря:\r\n\r\n    современному, удобному и комфортному дизайну;\r\n    большим и небольшим залам с большими экранами и удобными креслами;\r\n    использованию новейших технологий демонстрации фильмов - IMAX и ScreenX;\r\n    репертуару, сочетающему громкие мировые премьеры и уникальный контент;\r\n    наличию попкорн-баров с уникальными вкусами.\r\n\r\nMULTIPLEX активно поддерживает и инвестирует в развитие украинского кинематографа.	НАШИ КИНОТЕАТРЫ - пространство, где гости получат эмоции и качественный отдых, благодаря:\r\n\r\n    современному, удобному и комфортному дизайну;\r\n    большим и небольшим залам с большими экранами и удобными креслами;\r\n    использованию новейших технологий демонстрации фильмов - IMAX и ScreenX;\r\n    репертуару, сочетающему громкие мировые премьеры и уникальный контент;\r\n    наличию попкорн-баров с уникальными вкусами.\r\n\r\nMULTIPLEX активно поддерживает и инвестирует в развитие украинского кинематографа.	НАШІ КІНОТЕАТРИ – простір, де наші гості отримують емоції та якісний відпочинок, завдяки:\r\n\r\n    сучасному, зручному та комфортному дизайну;\r\n    великим та невеликим залам з великими екранами та зручними кріслами;\r\n    використанню новітніх технологій демонстрації фільмів - IMAX та ScreenX;\r\n    репертуару, що поєднує гучні світові премʼєри та унікальний контент;\r\n    наявності попкорн-барам з унікальними смаками продукції.\r\n\r\nMULTIPLEX активно підтримує та інвестує у розвиток українського кінематографу.	cinema/logos/logo.jpg	cinema/banners/poster.jpg	10	7	2025-10-31 14:25:11.278215+02
1	Дафи	Дафи	Дафі	MULTIPLEX – это самая большая сеть кинотеатров в Украине основанная в 2004 году.\r\nMULTIPLEX - это 26 кинотеатров и 151 кинозал в самых больших городах Украины.\r\nСогласно лучшим мировым практикам корпоративного управления, в августе 2018 года был сформован высший орган управления компанией MULTIPLEX – борд, в состав которого вошли влиятельные украинские предприниматели, управленцы и лидеры общественного мнения.	MULTIPLEX – это самая большая сеть кинотеатров в Украине основанная в 2004 году.\r\nMULTIPLEX - это 26 кинотеатров и 151 кинозал в самых больших городах Украины.\r\nСогласно лучшим мировым практикам корпоративного управления, в августе 2018 года был сформован высший орган управления компанией MULTIPLEX – борд, в состав которого вошли влиятельные украинские предприниматели, управленцы и лидеры общественного мнения.	MULTIPLEX - це найбільша мережа кінотеатрів в Україні заснована у 2004 році.\r\nMULTIPLEX - це 26 кінотеатрів та 151 кінозал у найбільших містах України.\r\nВідповідно до кращої світової практики корпоративного управління, у серпні 2018 року був сформований найвищий орган управління компанією MULTIPLEX – борд, до складу якого увійшли впливові українські підприємці, управлінці і лідери громадської думки.	НАШИ КИНОТЕАТРЫ - пространство, где гости получат эмоции и качественный отдых, благодаря:\r\n\r\n    современному, удобному и комфортному дизайну;\r\n    большим и небольшим залам с большими экранами и удобными креслами;\r\n    использованию новейших технологий демонстрации фильмов - IMAX и ScreenX;\r\n    репертуару, сочетающему громкие мировые премьеры и уникальный контент;\r\n    наличию попкорн-баров с уникальными вкусами.\r\n\r\nMULTIPLEX активно поддерживает и инвестирует в развитие украинского кинематографа.	НАШИ КИНОТЕАТРЫ - пространство, где гости получат эмоции и качественный отдых, благодаря:\r\n\r\n    современному, удобному и комфортному дизайну;\r\n    большим и небольшим залам с большими экранами и удобными креслами;\r\n    использованию новейших технологий демонстрации фильмов - IMAX и ScreenX;\r\n    репертуару, сочетающему громкие мировые премьеры и уникальный контент;\r\n    наличию попкорн-баров с уникальными вкусами.\r\n\r\nMULTIPLEX активно поддерживает и инвестирует в развитие украинского кинематографа.	НАШІ КІНОТЕАТРИ – простір, де наші гості отримують емоції та якісний відпочинок, завдяки:\r\n\r\n    сучасному, зручному та комфортному дизайну;\r\n    великим та невеликим залам з великими екранами та зручними кріслами;\r\n    використанню новітніх технологій демонстрації фільмів - IMAX та ScreenX;\r\n    репертуару, що поєднує гучні світові премʼєри та унікальний контент;\r\n    наявності попкорн-барам з унікальними смаками продукції.\r\n\r\nMULTIPLEX активно підтримує та інвестує у розвиток українського кінематографу.	cinema/logos/logo_KVPD4Mn.jpg	cinema/banners/banner.jpg	4	8	2025-10-28 19:45:43.944455+02
\.


--
-- Data for Name: cinema_hall; Type: TABLE DATA; Schema: public; Owner: kinocms_user
--

COPY public.cinema_hall (id, name, description, banner, cinema_id, gallery_id, seo_block_id, created_at, scheme_data, description_ru, description_uk, name_ru, name_uk) FROM stdin;
1	1 зал	Описание зала на русском языке	banners/banner_w1Y0qvp.jpg	1	8	2	2025-10-31 14:01:21.261833+02	{"rows": 10, "scheme": [[1, 1, 0, 1, 1, 0, 1, 1, 0, 1, 1, 0, 1, 1], [1, 1, 0, 1, 1, 0, 1, 1, 0, 1, 1, 0, 1, 1], [1, 1, 0, 1, 1, 0, 1, 1, 0, 1, 1, 0, 1, 1], [1, 1, 0, 1, 1, 0, 1, 1, 0, 1, 1, 0, 1, 1], [1, 1, 0, 1, 1, 0, 1, 1, 0, 1, 1, 0, 1, 1], [1, 1, 0, 1, 1, 0, 1, 1, 0, 1, 1, 0, 1, 1], [1, 1, 0, 1, 1, 0, 1, 1, 0, 1, 1, 0, 1, 1], [1, 1, 0, 1, 1, 0, 1, 1, 0, 1, 1, 0, 1, 1], [1, 1, 0, 1, 1, 0, 1, 1, 0, 1, 1, 0, 1, 1], [1, 1, 0, 1, 1, 0, 1, 1, 0, 1, 1, 0, 1, 1]], "columns": 14, "screen_position": "top"}	Описание зала на русском языке	Опис залу українською мовою	1 зал	1 зал
2	2 зал	Описание зала на русском языке	banners/banner_mkHRmbR.jpg	1	9	9	2025-10-31 14:24:31.741828+02	{"rows": 10, "scheme": [[1, 1, 1, 0, 1, 1, 1, 0, 1, 1, 1, 0, 1, 1, 1], [1, 1, 1, 0, 1, 1, 1, 0, 1, 1, 1, 0, 1, 1, 1], [1, 1, 1, 0, 1, 1, 1, 0, 1, 1, 1, 0, 1, 1, 1], [1, 1, 1, 0, 1, 1, 1, 0, 1, 1, 1, 0, 1, 1, 1], [1, 1, 1, 0, 1, 1, 1, 0, 1, 1, 1, 0, 1, 1, 1], [1, 1, 1, 0, 1, 1, 1, 0, 1, 1, 1, 0, 1, 1, 1], [1, 1, 1, 0, 1, 1, 1, 0, 1, 1, 1, 0, 1, 1, 1], [1, 1, 1, 0, 1, 1, 1, 0, 1, 1, 1, 0, 1, 1, 1], [1, 1, 1, 0, 1, 1, 1, 0, 1, 1, 1, 0, 1, 1, 1], [1, 1, 1, 0, 1, 1, 1, 0, 1, 1, 1, 0, 1, 1, 1]], "columns": 15, "screen_position": "top"}	Описание зала на русском языке	Опис залу українською мовою	2 зал	2 зал
4	2 зал	Описание зала на русском языке	banners/banner_Bd7BJoC.jpg	2	19	11	2025-11-04 16:47:17.718924+02	{"rows": 10, "scheme": [[1, 1, 1, 1, 1, 1, 1, 1, 1, 1, 1, 1, 1, 1, 1], [1, 1, 1, 1, 1, 1, 1, 1, 1, 1, 1, 1, 1, 1, 1], [0, 0, 0, 0, 0, 0, 0, 0, 0, 0, 0, 0, 0, 0, 0], [1, 1, 1, 1, 1, 1, 1, 1, 1, 1, 1, 1, 1, 1, 1], [1, 1, 1, 1, 1, 1, 1, 1, 1, 1, 1, 1, 1, 1, 1], [0, 0, 0, 0, 0, 0, 0, 0, 0, 0, 0, 0, 0, 0, 0], [1, 1, 1, 1, 1, 1, 1, 1, 1, 1, 1, 1, 1, 1, 1], [1, 1, 1, 1, 1, 1, 1, 1, 1, 1, 1, 1, 1, 1, 1], [0, 0, 0, 0, 0, 0, 0, 0, 0, 0, 0, 0, 0, 0, 0], [1, 1, 1, 1, 1, 1, 1, 1, 1, 1, 1, 1, 1, 1, 1]], "columns": 15, "screen_position": "top"}	Описание зала на русском языке	Опис залу українською мовою	2 зал	2 зал
3	1 зал	Описание зала на русском языке	banners/banner.jpg	2	11	10	2025-10-31 14:25:34.826475+02	{"rows": 10, "scheme": [[1, 1, 1, 1, 1, 1, 1, 1, 1, 1, 1, 1, 1], [1, 1, 1, 1, 1, 1, 1, 1, 1, 1, 1, 1, 1], [0, 0, 0, 0, 0, 0, 0, 0, 0, 0, 0, 0, 0], [1, 1, 1, 1, 1, 1, 1, 1, 1, 1, 1, 1, 1], [1, 1, 1, 1, 1, 1, 1, 1, 1, 1, 1, 1, 1], [1, 1, 1, 1, 1, 1, 1, 1, 1, 1, 1, 1, 1], [1, 1, 1, 1, 1, 1, 1, 1, 1, 1, 1, 1, 1], [0, 0, 0, 0, 0, 0, 0, 0, 0, 0, 0, 0, 0], [1, 1, 1, 1, 1, 1, 1, 1, 1, 1, 1, 1, 1], [1, 1, 1, 1, 1, 1, 1, 1, 1, 1, 1, 1, 1]], "columns": 13, "screen_position": "bottom"}	Описание зала на русском языке	Опис залу українською мовою	1 зал	1 зал
\.


--
-- Data for Name: cinema_movie; Type: TABLE DATA; Schema: public; Owner: kinocms_user
--

COPY public.cinema_movie (id, name, name_uk, name_ru, description, description_ru, description_uk, poster, trailer_url, gallery_id, seo_block_id, end_date, formats, start_date) FROM stdin;
6	Каратэ-пацан	Карате-пацан	Каратэ-пацан	Небольшой семье Дре не прожить в Детройте, умер отец, у матери совсем нет работы. Они переезжают в Китай, не понимая правил и имея языковые проблемы. В Пекине двенадцатилетний мальчик встречает скрипачку Мэй Ин, ее поклонником является отъявленный хулиган Чэн. Высказывая неравнодушие к красавице, он устраивает неприятности новичку в школе и избивает его. В ответ Дре выливает помои на обидчиков и снова попадает в переделку. От жестоких побоев его спасает обычный слесарь, он советует немедленно начать подготовку и приводит его в клуб шайки неприятелей. Учителя договариваются о бое, в котором будет выступать новенький. Хан предлагает часами повторять простейшие движения с курткой, ведь монотонные тренировки помогут освоить базовые точки кунг-фу. Они отправляются в горный район Удан, там наставник усовершенствует технику действий. Юноша видится с Мэй, они увлекаются встречей, и девушка опаздывает на важное прослушивание. Скандал с родителями едва не завершается запретом на общение молодых людей. На турнире юный герой, превозмогая боль в поврежденной ноге, побеждает Чэна. Приз чемпиону вручает побежденный, дань уважения силе и успеху осознанна и примиряет врагов.	Небольшой семье Дре не прожить в Детройте, умер отец, у матери совсем нет работы. Они переезжают в Китай, не понимая правил и имея языковые проблемы. В Пекине двенадцатилетний мальчик встречает скрипачку Мэй Ин, ее поклонником является отъявленный хулиган Чэн. Высказывая неравнодушие к красавице, он устраивает неприятности новичку в школе и избивает его. В ответ Дре выливает помои на обидчиков и снова попадает в переделку. От жестоких побоев его спасает обычный слесарь, он советует немедленно начать подготовку и приводит его в клуб шайки неприятелей. Учителя договариваются о бое, в котором будет выступать новенький. Хан предлагает часами повторять простейшие движения с курткой, ведь монотонные тренировки помогут освоить базовые точки кунг-фу. Они отправляются в горный район Удан, там наставник усовершенствует технику действий. Юноша видится с Мэй, они увлекаются встречей, и девушка опаздывает на важное прослушивание. Скандал с родителями едва не завершается запретом на общение молодых людей. На турнире юный герой, превозмогая боль в поврежденной ноге, побеждает Чэна. Приз чемпиону вручает побежденный, дань уважения силе и успеху осознанна и примиряет врагов.	"Карате-пацан" (також відомий як "Карате Кід") – це\r\nфільм про 12-річного хлопця на ім'я Дре Паркер, який разом із матір'ю переїжджає з Детройта до Пекіна. Там він знайомиться з місцевою дівчинкою, але конфліктує з групою хуліганів, які володіють кунг-фу. Дре знаходить несподіваного наставника в особі містера Хана, майстра кунг-фу, який навчає його мистецтву самозахисту і допомагає підготуватися до турніру бойових мистецтв.	posters/poster.jpg	https://www.youtube.com/watch?v=tw_q39eNJU0	17	5	2025-11-28	{2D,3D,IMAX}	2025-11-04
8	ыфвыф	фывфы	ыфвыф	фывфыв	фывфыв	фыв	posters/1.jpeg	http://127.0.0.1:8000/ru/admin-panel/movies/create/	53	3	2025-11-18	{3D}	2025-11-17
7	Матрица	Матриця	Матрица	Томас Андерсон ведет двойную жизнь. Днем он работает техническим специалистом по компьютерному софту, а ночью становится гениальным хакером, известным как Нео. Однажды ночью Нео встречает Тринити — таинственную женщину, которая приводит его к Морфеусу. Будучи легендарным хакером, разыскиваемым полицией в качестве террориста, Морфеус открывает Нео шокирующую правду о современном мире, где привычная жизнь создана масштабной компьютерной программой. Пока специальный агент Смит и его коллеги разыскивают Морфеуса и его последователей, чтобы убить их, Нео должен противостоять правительственным оперативникам и пролить свет на темные секреты «Матрицы».	Томас Андерсон ведет двойную жизнь. Днем он работает техническим специалистом по компьютерному софту, а ночью становится гениальным хакером, известным как Нео. Однажды ночью Нео встречает Тринити — таинственную женщину, которая приводит его к Морфеусу. Будучи легендарным хакером, разыскиваемым полицией в качестве террориста, Морфеус открывает Нео шокирующую правду о современном мире, где привычная жизнь создана масштабной компьютерной программой. Пока специальный агент Смит и его коллеги разыскивают Морфеуса и его последователей, чтобы убить их, Нео должен противостоять правительственным оперативникам и пролить свет на темные секреты «Матрицы».	«Матриця» — це\r\nнауково-фантастичний бойовик про хакера на ім'я Нео, який дізнається, що реальність, яку він знає, насправді є комп'ютерною симуляцією, створеною машинами, щоб контролювати людство. Він дізнається, що люди використовуються як джерело енергії, і що він є "Обраним", який може звільнити людство від цього контролю.	posters/poster_nqrf4GZ.jpg	https://www.youtube.com/watch?v=YihPA42fdQ8	18	6	2025-11-30	{2D}	2025-11-20
5	Титаник	Титанік	Титаник	На грандиозном корабле "Титаник", который отправляется в своё первое и одновременно последнее круизное путешествие, судьба сводит вместе несхожую пару. Джек, молодой авантюрист, ставший пассажиром третьего класса благодаря выигрышу в игре, и Роза, изысканная девушка из высшего общества, едущая в Новый Свят, чтобы сочетаться браком не по любви, переплетают свои жизни воедино. Их вновь вспыхнувшая любовь сталкивается с суровыми реалиями классовых предрассудков и страшной катастрофой, поскольку "Титаник", лайнер, который считали непотопляемым, неожиданно сталкивается с айсбергом, угрожающим жизням всех на борту.	На грандиозном корабле "Титаник", который отправляется в своё первое и одновременно последнее круизное путешествие, судьба сводит вместе несхожую пару. Джек, молодой авантюрист, ставший пассажиром третьего класса благодаря выигрышу в игре, и Роза, изысканная девушка из высшего общества, едущая в Новый Свят, чтобы сочетаться браком не по любви, переплетают свои жизни воедино. Их вновь вспыхнувшая любовь сталкивается с суровыми реалиями классовых предрассудков и страшной катастрофой, поскольку "Титаник", лайнер, который считали непотопляемым, неожиданно сталкивается с айсбергом, угрожающим жизням всех на борту.	«Титанік» — це\r\nісторична драма про кохання 17-річної аристократки Роуз та бідного художника Джека на борту розкішного лайнера в 1912 році. Їхні стосунки розгортаються на тлі першого та останнього рейсу корабля, який у ніч на 15 квітня стикається з айсбергом, що призводить до загибелі судна та багатьох пасажирів.	posters/1589622531_poster.jpg	https://www.youtube.com/watch?v=qcU-kWvRcVc	14	4	2025-11-28	{2D,3D}	2025-11-04
\.


--
-- Data for Name: cinema_seat; Type: TABLE DATA; Schema: public; Owner: kinocms_user
--

COPY public.cinema_seat (id, "row", number, is_available, hall_id) FROM stdin;
9	10	1	t	1
10	10	2	t	1
11	9	1	t	1
12	9	2	t	1
13	1	1	t	3
14	1	2	t	3
15	2	1	t	3
16	2	2	t	3
17	9	4	t	1
18	9	3	t	1
\.


--
-- Data for Name: cinema_session; Type: TABLE DATA; Schema: public; Owner: kinocms_user
--

COPY public.cinema_session (id, price, hall_id, movie_id, end_time, start_time, format) FROM stdin;
397	112.00	2	6	2025-11-21 02:26:37.748701+02	2025-11-21 00:30:00+02	2D
398	109.00	3	5	2025-11-20 22:01:45.07291+02	2025-11-20 19:30:00+02	3D
399	118.00	1	6	2025-11-21 21:17:43.854208+02	2025-11-21 19:30:00+02	3D
400	91.00	1	6	2025-11-21 19:03:22.428532+02	2025-11-21 17:00:00+02	IMAX
401	90.00	2	6	2025-11-22 00:39:36.796854+02	2025-11-21 22:00:00+02	IMAX
402	99.00	4	8	2025-11-21 22:04:03.052525+02	2025-11-21 19:30:00+02	3D
403	85.00	3	8	2025-11-21 21:44:32.186247+02	2025-11-21 19:30:00+02	3D
404	118.00	3	8	2025-11-22 02:38:52.577398+02	2025-11-22 00:30:00+02	IMAX
405	83.00	2	6	2025-11-21 14:02:41.163104+02	2025-11-21 12:00:00+02	3D
406	80.00	4	5	2025-11-22 00:44:35.762786+02	2025-11-21 22:00:00+02	2D
407	113.00	1	6	2025-11-22 14:58:56.162549+02	2025-11-22 12:00:00+02	3D
408	102.00	1	6	2025-11-22 21:14:13.577907+02	2025-11-22 19:30:00+02	IMAX
409	112.00	1	6	2025-11-23 02:09:10.84466+02	2025-11-23 00:30:00+02	IMAX
410	111.00	1	6	2025-11-23 00:28:32.288975+02	2025-11-22 22:00:00+02	2D
411	81.00	2	8	2025-11-22 18:45:05.695845+02	2025-11-22 17:00:00+02	3D
412	119.00	2	8	2025-11-23 02:17:13.228895+02	2025-11-23 00:30:00+02	3D
413	94.00	2	8	2025-11-22 14:12:59.875344+02	2025-11-22 12:00:00+02	IMAX
414	97.00	4	8	2025-11-22 23:33:18.170614+02	2025-11-22 22:00:00+02	IMAX
415	120.00	4	8	2025-11-23 02:36:12.810733+02	2025-11-23 00:30:00+02	3D
416	108.00	4	8	2025-11-22 16:14:25.459085+02	2025-11-22 14:30:00+02	2D
417	82.00	4	8	2025-11-22 19:26:21.737116+02	2025-11-22 17:00:00+02	IMAX
418	85.00	3	6	2025-11-22 16:03:00.679023+02	2025-11-22 14:30:00+02	3D
419	88.00	3	6	2025-11-23 02:09:54.443592+02	2025-11-23 00:30:00+02	2D
420	106.00	3	6	2025-11-22 13:55:02.970355+02	2025-11-22 12:00:00+02	IMAX
323	102.00	4	6	2025-11-20 02:46:34.351452+02	2025-11-20 00:30:00+02	3D
324	92.00	4	6	2025-11-19 22:11:42.285947+02	2025-11-19 19:30:00+02	IMAX
325	98.00	4	6	2025-11-19 17:27:32.693738+02	2025-11-19 14:30:00+02	3D
326	107.00	4	6	2025-11-19 14:30:37.722645+02	2025-11-19 12:00:00+02	2D
327	105.00	1	6	2025-11-20 02:58:41.962129+02	2025-11-20 00:30:00+02	2D
328	104.00	1	6	2025-11-19 21:10:33.312465+02	2025-11-19 19:30:00+02	IMAX
329	85.00	1	6	2025-11-19 16:26:57.933124+02	2025-11-19 14:30:00+02	3D
330	89.00	2	6	2025-11-20 00:40:17.876139+02	2025-11-19 22:00:00+02	3D
331	100.00	2	6	2025-11-19 22:21:11.560579+02	2025-11-19 19:30:00+02	IMAX
332	118.00	2	6	2025-11-19 17:13:31.322313+02	2025-11-19 14:30:00+02	2D
333	93.00	3	5	2025-11-19 17:13:31.064891+02	2025-11-19 14:30:00+02	IMAX
334	82.00	3	5	2025-11-19 13:44:57.594966+02	2025-11-19 12:00:00+02	3D
335	114.00	3	5	2025-11-20 02:55:58.063573+02	2025-11-20 00:30:00+02	IMAX
336	96.00	3	5	2025-11-20 00:43:15.80832+02	2025-11-19 22:00:00+02	IMAX
343	92.00	4	7	2025-11-20 00:18:32.966331+02	2025-11-19 22:00:00+02	3D
344	82.00	1	6	2025-11-19 13:57:21.559086+02	2025-11-19 12:00:00+02	IMAX
345	119.00	1	6	2025-11-19 19:51:00.313258+02	2025-11-19 17:00:00+02	3D
346	91.00	2	6	2025-11-19 19:48:56.516511+02	2025-11-19 17:00:00+02	2D
347	117.00	2	6	2025-11-19 14:18:25.968137+02	2025-11-19 12:00:00+02	3D
348	92.00	3	6	2025-11-19 19:28:02.655348+02	2025-11-19 17:00:00+02	2D
349	88.00	3	6	2025-11-19 21:11:00.906684+02	2025-11-19 19:30:00+02	2D
421	118.00	4	8	2025-11-21 13:52:13.323143+02	2025-11-21 12:00:00+02	IMAX
422	113.00	1	5	2025-11-22 19:48:08.959916+02	2025-11-22 17:00:00+02	IMAX
356	86.00	4	5	2025-11-19 18:57:38.644108+02	2025-11-19 17:00:00+02	3D
358	110.00	1	6	2025-11-20 00:59:07.856767+02	2025-11-19 22:00:00+02	3D
359	116.00	2	6	2025-11-20 02:52:08.75192+02	2025-11-20 00:30:00+02	3D
360	107.00	4	6	2025-11-20 19:10:17.275746+02	2025-11-20 17:00:00+02	3D
361	108.00	4	6	2025-11-20 13:30:16.002555+02	2025-11-20 12:00:00+02	2D
362	89.00	4	6	2025-11-20 16:53:08.286545+02	2025-11-20 14:30:00+02	IMAX
363	99.00	1	5	2025-11-20 13:35:11.195452+02	2025-11-20 12:00:00+02	2D
364	118.00	1	5	2025-11-21 02:58:21.377332+02	2025-11-21 00:30:00+02	2D
365	87.00	1	5	2025-11-20 19:00:46.245616+02	2025-11-20 17:00:00+02	2D
366	91.00	1	5	2025-11-20 21:25:10.099606+02	2025-11-20 19:30:00+02	2D
367	104.00	2	6	2025-11-20 23:36:52.370231+02	2025-11-20 22:00:00+02	IMAX
368	87.00	2	6	2025-11-20 16:40:11.48732+02	2025-11-20 14:30:00+02	IMAX
369	95.00	2	6	2025-11-20 22:23:22.17985+02	2025-11-20 19:30:00+02	2D
370	100.00	2	6	2025-11-20 19:18:03.10702+02	2025-11-20 17:00:00+02	3D
371	110.00	3	5	2025-11-20 19:43:04.875004+02	2025-11-20 17:00:00+02	2D
372	101.00	3	5	2025-11-20 23:44:58.880641+02	2025-11-20 22:00:00+02	3D
373	87.00	3	5	2025-11-20 16:06:07.977332+02	2025-11-20 14:30:00+02	IMAX
374	84.00	4	5	2025-11-21 03:22:27.618963+02	2025-11-21 00:30:00+02	IMAX
375	105.00	4	5	2025-11-20 23:33:12.647481+02	2025-11-20 22:00:00+02	2D
376	113.00	1	6	2025-11-21 00:14:29.62994+02	2025-11-20 22:00:00+02	IMAX
377	84.00	1	6	2025-11-20 16:36:11.825569+02	2025-11-20 14:30:00+02	3D
378	89.00	3	8	2025-11-20 14:47:45.799832+02	2025-11-20 12:00:00+02	2D
379	81.00	3	8	2025-11-21 02:54:11.581812+02	2025-11-21 00:30:00+02	2D
380	114.00	2	5	2025-11-20 14:55:32.110867+02	2025-11-20 12:00:00+02	2D
381	102.00	4	6	2025-11-20 21:04:59.811228+02	2025-11-20 19:30:00+02	2D
382	81.00	1	5	2025-11-22 02:05:12.622463+02	2025-11-22 00:30:00+02	IMAX
383	103.00	1	5	2025-11-21 16:21:35.166914+02	2025-11-21 14:30:00+02	3D
384	119.00	1	5	2025-11-21 14:19:48.047873+02	2025-11-21 12:00:00+02	2D
385	117.00	1	5	2025-11-22 00:17:56.829983+02	2025-11-21 22:00:00+02	2D
386	109.00	2	8	2025-11-21 18:59:44.954047+02	2025-11-21 17:00:00+02	2D
387	108.00	2	8	2025-11-22 02:04:58.585929+02	2025-11-22 00:30:00+02	2D
388	114.00	2	8	2025-11-21 21:23:55.711871+02	2025-11-21 19:30:00+02	2D
389	113.00	2	8	2025-11-21 16:40:59.338261+02	2025-11-21 14:30:00+02	3D
390	83.00	4	5	2025-11-22 02:39:19.767333+02	2025-11-22 00:30:00+02	3D
391	88.00	4	5	2025-11-21 16:09:57.981897+02	2025-11-21 14:30:00+02	2D
392	117.00	4	5	2025-11-21 18:30:57.029272+02	2025-11-21 17:00:00+02	2D
393	117.00	3	5	2025-11-21 16:04:16.508962+02	2025-11-21 14:30:00+02	2D
394	110.00	3	5	2025-11-22 00:47:58.007458+02	2025-11-21 22:00:00+02	3D
395	87.00	3	5	2025-11-21 13:58:02.349181+02	2025-11-21 12:00:00+02	2D
396	88.00	3	5	2025-11-21 19:13:55.776116+02	2025-11-21 17:00:00+02	IMAX
423	104.00	1	5	2025-11-22 16:04:48.179169+02	2025-11-22 14:30:00+02	IMAX
424	80.00	2	8	2025-11-22 23:33:19.380194+02	2025-11-22 22:00:00+02	2D
425	98.00	4	5	2025-11-22 14:27:40.402304+02	2025-11-22 12:00:00+02	3D
426	112.00	4	5	2025-11-22 22:10:03.932391+02	2025-11-22 19:30:00+02	IMAX
\.


--
-- Data for Name: core_gallery; Type: TABLE DATA; Schema: public; Owner: kinocms_user
--

COPY public.core_gallery (id, name) FROM stdin;
1	Галерея - Реклама
4	Галерея - название
5	Галерея - Кафе-Бар
7	Галерея - кафешка
8	Галерея - зал1
9	Галерея - 2
10	Галерея - мультиплекс
11	Галерея - зал2
14	Галерея - йцуйцу
15	Галерея - Новость
16	Галерея - Акция
17	Галерея - Каратэ-пацан
18	Галерея - Матрица
19	Галерея - 2 зал
53	Галерея - ыфвыф
54	Галерея - О кинотеатре
55	Галерея - Детская комната
56	Галерея - Vip-зал
\.


--
-- Data for Name: core_galleryimage; Type: TABLE DATA; Schema: public; Owner: kinocms_user
--

COPY public.core_galleryimage (id, image, gallery_id) FROM stdin;
1	gallery_images/3_4CWgGeM.jpg	1
2	gallery_images/3_rMrYVea.jpg	1
8	gallery_images/w1500_48910081_xPpepaw.jpg	5
9	gallery_images/w1500_48908474_F0KYEki.jpg	5
10	gallery_images/3_xAgpsoZ.jpg	5
12	gallery_images/w1500_48908474_rj1xprH.jpg	7
26	gallery_images/w1500_48908474_F6uha9Z.jpg	14
27	gallery_images/3_oMT6aQ1.jpg	14
28	gallery_images/15430077664f791e4c813.jpg	14
29	gallery_images/1543007764361199255c3.jpg	14
30	gallery_images/w1500_48910081_6G7tKQe.jpg	14
31	gallery_images/news2.webp	15
32	gallery_images/news1.jpg	15
33	gallery_images/sales1.png	16
34	gallery_images/sales2.webp	16
35	gallery_images/1.jpeg	17
36	gallery_images/2.jpg	17
37	gallery_images/3_m40FwDi.jpg	17
38	gallery_images/1.jpg	18
39	gallery_images/2.webp	18
40	gallery_images/3_a3olFO6.jpg	18
41	gallery_images/3_rYxpqXK.jpg	10
42	gallery_images/2_9usLjES.jpg	10
43	gallery_images/1_vuh9bIJ.jpg	10
6	gallery_images/1_FTOAa5H.jpg	4
44	gallery_images/2_T06T5MR.jpg	4
45	gallery_images/32.jpg	4
46	gallery_images/1_d3ogfAf.jpg	11
47	gallery_images/2_qywkNq2.jpg	11
48	gallery_images/1_8BPiYJb.jpg	19
49	gallery_images/2_FSPY8yR.jpg	19
50	gallery_images/1_OscBIfX.jpg	8
51	gallery_images/2_6Fv3uhb.jpg	8
16	gallery_images/1_braYq1Y.jpg	9
52	gallery_images/2_Q4TuqLp.jpg	9
87	gallery_images/1_DWWfkxO.jpeg	53
88	gallery_images/poster.jpg	54
89	gallery_images/poster_tb3nkA8.jpg	55
90	gallery_images/poster_z3Lo9Wo.jpg	56
\.


--
-- Data for Name: core_mailing; Type: TABLE DATA; Schema: public; Owner: kinocms_user
--

COPY public.core_mailing (id, send_to_all, status, total_recipients, sent_count, failed_count, celery_task_id, created_at, started_at, completed_at, file_id) FROM stdin;
2	f	completed	5	5	0	22cbcee9-6ff2-426c-b1e0-69c0f7be3e8d	2025-11-09 17:59:58.189288+02	2025-11-09 17:59:58.263981+02	2025-11-09 18:00:00.818659+02	\N
3	t	completed	21	21	0	c017e668-7ba7-47a9-b736-f120fef8e2df	2025-11-09 18:00:11.209391+02	2025-11-09 18:00:11.219038+02	2025-11-09 18:00:21.921442+02	\N
10	f	completed	1	1	0	4a42635c-9259-4442-b2ef-fa40a6c7ab2f	2025-11-10 13:43:36.424365+02	2025-11-10 13:43:36.525074+02	2025-11-10 13:43:38.55498+02	17
48	f	completed	1	1	0	78d6e719-fe70-473d-862c-c160cd362921	2025-11-14 18:37:05.609497+02	2025-11-14 18:37:05.634121+02	2025-11-14 18:37:07.446257+02	20
11	f	completed	1	1	0	b17a04c2-964f-4f1f-b3b8-db3c042d9a95	2025-11-10 13:47:38.150331+02	2025-11-10 13:47:38.241645+02	2025-11-10 13:47:40.258103+02	17
12	t	pending	21	0	0	\N	2025-11-10 13:48:11.19782+02	\N	\N	17
1	t	completed	21	21	0	c1adbd7a-4aa0-4849-9b08-1773e99a5712	2025-11-09 17:40:10.525437+02	2025-11-09 17:42:31.788635+02	2025-11-09 17:42:42.516575+02	\N
51	t	completed	21	21	0	90677321-c7b3-4221-a68c-3203f529b28a	2025-11-14 18:59:18.645524+02	2025-11-14 18:59:18.658327+02	2025-11-14 18:59:53.661248+02	22
8	t	completed	21	21	0	952bfdd6-14c2-4bac-9f11-213ed66d0b02	2025-11-09 23:00:57.223203+02	2025-11-09 23:00:57.301896+02	2025-11-09 23:01:00.030505+02	\N
5	t	completed	21	21	0	09fe605b-baad-4fbd-867b-b7545d07faf7	2025-11-09 22:57:48.710335+02	2025-11-09 22:57:48.758863+02	2025-11-09 22:57:51.183084+02	\N
6	t	completed	21	21	0	b8a7167d-cc01-49f2-b590-f0d98c815f9f	2025-11-09 22:59:32.579479+02	2025-11-09 22:59:32.772457+02	2025-11-09 22:59:35.190211+02	\N
7	t	pending	21	0	0	\N	2025-11-09 23:00:14.669888+02	\N	\N	\N
13	t	completed	21	21	0	7c6ab1b8-2af0-4a39-a948-a3017557536a	2025-11-10 13:50:57.90938+02	2025-11-10 13:50:58.051027+02	2025-11-10 13:52:02.976488+02	17
43	f	completed	1	1	0	378da224-0ae9-4312-abef-49b37fecbbd7	2025-11-14 18:15:29.384654+02	2025-11-14 18:15:29.468409+02	2025-11-14 18:15:31.680844+02	17
44	f	pending	1	0	0	1d26070f-1460-4805-9c2c-24b706aa693e	2025-11-14 18:24:52.791276+02	\N	\N	17
45	f	pending	1	0	0	8a81c37e-3992-477d-8d73-fc6b3a2d8ded	2025-11-14 18:31:31.276686+02	\N	\N	20
49	t	completed	21	21	0	4a74ac8b-0796-4f2d-87c4-bdbb4cee2411	2025-11-14 18:37:19.591574+02	2025-11-14 18:37:19.611473+02	2025-11-14 18:37:56.205756+02	20
50	t	pending	21	0	0	b216f5c5-5a3e-42e9-ac66-a86bbd1745d8	2025-11-14 18:58:57.89955+02	\N	\N	21
46	f	completed	1	1	0	100b3079-5320-43ba-bd23-b015b04045ce	2025-11-14 18:32:02.529795+02	2025-11-14 18:32:02.543079+02	2025-11-14 18:32:04.335953+02	20
47	f	completed	1	1	0	2c29e352-ca74-49f8-8f01-13488f97edf3	2025-11-14 18:34:58.291084+02	2025-11-14 18:34:58.325042+02	2025-11-14 18:34:59.949089+02	20
9	t	completed	21	21	0	4fde7ac3-f1e1-4d1e-808b-899332726292	2025-11-09 23:42:19.996532+02	2025-11-09 23:42:20.075172+02	2025-11-09 23:42:22.495575+02	17
\.


--
-- Data for Name: core_mailingfile; Type: TABLE DATA; Schema: public; Owner: kinocms_user
--

COPY public.core_mailingfile (id, file, original_name, uploaded_at, file_size) FROM stdin;
17	mailing_files/Рассылка_-_KinoCMS_sHtyDAz.html	Рассылка - KinoCMS.html	2025-11-09 22:55:52.993311+02	22065
20	mailing_files/Рассылка_-_KinoCMS.html	Рассылка - KinoCMS.html	2025-11-14 18:24:34.389857+02	22065
21	mailing_files/Рассылка_-_KinoCMS_CBDdYwa.html	Рассылка - KinoCMS.html	2025-11-14 18:58:39.812482+02	22065
22	mailing_files/Рассылка_-_KinoCMS_s5DHUty.html	Рассылка - KinoCMS.html	2025-11-14 18:59:12.699624+02	22065
\.


--
-- Data for Name: core_mailingrecipient; Type: TABLE DATA; Schema: public; Owner: kinocms_user
--

COPY public.core_mailingrecipient (id, status, error_message, sent_at, mailing_id, user_id) FROM stdin;
1	sent	\N	2025-11-09 17:42:31.808178+02	1	6
2	sent	\N	2025-11-09 17:42:32.319409+02	1	7
3	sent	\N	2025-11-09 17:42:32.829927+02	1	8
4	sent	\N	2025-11-09 17:42:33.339219+02	1	9
5	sent	\N	2025-11-09 17:42:33.850175+02	1	10
6	sent	\N	2025-11-09 17:42:34.359509+02	1	11
7	sent	\N	2025-11-09 17:42:34.868609+02	1	12
8	sent	\N	2025-11-09 17:42:35.37876+02	1	13
9	sent	\N	2025-11-09 17:42:35.889304+02	1	2
10	sent	\N	2025-11-09 17:42:36.398756+02	1	4
11	sent	\N	2025-11-09 17:42:36.908446+02	1	5
12	sent	\N	2025-11-09 17:42:37.418316+02	1	15
13	sent	\N	2025-11-09 17:42:37.927947+02	1	16
14	sent	\N	2025-11-09 17:42:38.437124+02	1	17
15	sent	\N	2025-11-09 17:42:38.946418+02	1	18
16	sent	\N	2025-11-09 17:42:39.461551+02	1	19
17	sent	\N	2025-11-09 17:42:39.971161+02	1	20
18	sent	\N	2025-11-09 17:42:40.480656+02	1	21
19	sent	\N	2025-11-09 17:42:40.990591+02	1	22
20	sent	\N	2025-11-09 17:42:41.500159+02	1	23
21	sent	\N	2025-11-09 17:42:42.010194+02	1	1
22	sent	\N	2025-11-09 17:59:58.274792+02	2	7
23	sent	\N	2025-11-09 17:59:58.782042+02	2	10
24	sent	\N	2025-11-09 17:59:59.291723+02	2	12
25	sent	\N	2025-11-09 17:59:59.801205+02	2	20
26	sent	\N	2025-11-09 18:00:00.310613+02	2	1
27	sent	\N	2025-11-09 18:00:11.226812+02	3	6
28	sent	\N	2025-11-09 18:00:11.734113+02	3	7
29	sent	\N	2025-11-09 18:00:12.243529+02	3	8
30	sent	\N	2025-11-09 18:00:12.753351+02	3	9
31	sent	\N	2025-11-09 18:00:13.262672+02	3	10
32	sent	\N	2025-11-09 18:00:13.773156+02	3	11
33	sent	\N	2025-11-09 18:00:14.282853+02	3	12
34	sent	\N	2025-11-09 18:00:14.791926+02	3	13
35	sent	\N	2025-11-09 18:00:15.301162+02	3	2
36	sent	\N	2025-11-09 18:00:15.810718+02	3	4
37	sent	\N	2025-11-09 18:00:16.321252+02	3	5
38	sent	\N	2025-11-09 18:00:16.830345+02	3	15
39	sent	\N	2025-11-09 18:00:17.340432+02	3	16
40	sent	\N	2025-11-09 18:00:17.850095+02	3	17
41	sent	\N	2025-11-09 18:00:18.359273+02	3	18
42	sent	\N	2025-11-09 18:00:18.868121+02	3	19
43	sent	\N	2025-11-09 18:00:19.377599+02	3	20
44	sent	\N	2025-11-09 18:00:19.887022+02	3	21
45	sent	\N	2025-11-09 18:00:20.396353+02	3	22
46	sent	\N	2025-11-09 18:00:20.905744+02	3	23
47	sent	\N	2025-11-09 18:00:21.415044+02	3	1
49	sent	\N	2025-11-09 22:57:48.778542+02	5	6
50	sent	\N	2025-11-09 22:57:48.892694+02	5	7
51	sent	\N	2025-11-09 22:57:49.005957+02	5	8
52	sent	\N	2025-11-09 22:57:49.123957+02	5	9
53	sent	\N	2025-11-09 22:57:49.236375+02	5	10
54	sent	\N	2025-11-09 22:57:49.351417+02	5	11
55	sent	\N	2025-11-09 22:57:49.46609+02	5	12
56	sent	\N	2025-11-09 22:57:49.579804+02	5	13
57	sent	\N	2025-11-09 22:57:49.68889+02	5	2
58	sent	\N	2025-11-09 22:57:49.807947+02	5	4
59	sent	\N	2025-11-09 22:57:49.918904+02	5	5
60	sent	\N	2025-11-09 22:57:50.035299+02	5	15
61	sent	\N	2025-11-09 22:57:50.161031+02	5	16
62	sent	\N	2025-11-09 22:57:50.276899+02	5	17
63	sent	\N	2025-11-09 22:57:50.389871+02	5	18
64	sent	\N	2025-11-09 22:57:50.507717+02	5	19
65	sent	\N	2025-11-09 22:57:50.620866+02	5	20
66	sent	\N	2025-11-09 22:57:50.73504+02	5	21
67	sent	\N	2025-11-09 22:57:50.84559+02	5	22
68	sent	\N	2025-11-09 22:57:50.955467+02	5	23
69	sent	\N	2025-11-09 22:57:51.069289+02	5	1
70	sent	\N	2025-11-09 22:59:32.781719+02	6	6
71	sent	\N	2025-11-09 22:59:32.895998+02	6	7
72	sent	\N	2025-11-09 22:59:33.012087+02	6	8
73	sent	\N	2025-11-09 22:59:33.12792+02	6	9
74	sent	\N	2025-11-09 22:59:33.246069+02	6	10
75	sent	\N	2025-11-09 22:59:33.366347+02	6	11
76	sent	\N	2025-11-09 22:59:33.479537+02	6	12
77	sent	\N	2025-11-09 22:59:33.59736+02	6	13
78	sent	\N	2025-11-09 22:59:33.711679+02	6	2
79	sent	\N	2025-11-09 22:59:33.823493+02	6	4
80	sent	\N	2025-11-09 22:59:33.935061+02	6	5
81	sent	\N	2025-11-09 22:59:34.050613+02	6	15
82	sent	\N	2025-11-09 22:59:34.161085+02	6	16
83	sent	\N	2025-11-09 22:59:34.277524+02	6	17
84	sent	\N	2025-11-09 22:59:34.390959+02	6	18
85	sent	\N	2025-11-09 22:59:34.506116+02	6	19
86	sent	\N	2025-11-09 22:59:34.622889+02	6	20
87	sent	\N	2025-11-09 22:59:34.73717+02	6	21
88	sent	\N	2025-11-09 22:59:34.855746+02	6	22
89	sent	\N	2025-11-09 22:59:34.968752+02	6	23
90	sent	\N	2025-11-09 22:59:35.081164+02	6	1
91	pending	\N	\N	7	6
92	pending	\N	\N	7	7
93	pending	\N	\N	7	8
94	pending	\N	\N	7	9
95	pending	\N	\N	7	10
96	pending	\N	\N	7	11
97	pending	\N	\N	7	12
98	pending	\N	\N	7	13
99	pending	\N	\N	7	2
100	pending	\N	\N	7	4
101	pending	\N	\N	7	5
102	pending	\N	\N	7	15
103	pending	\N	\N	7	16
104	pending	\N	\N	7	17
105	pending	\N	\N	7	18
106	pending	\N	\N	7	19
107	pending	\N	\N	7	20
108	pending	\N	\N	7	21
109	pending	\N	\N	7	22
110	pending	\N	\N	7	23
111	pending	\N	\N	7	1
112	sent	\N	2025-11-09 23:00:57.310451+02	8	6
113	sent	\N	2025-11-09 23:00:57.75702+02	8	7
114	sent	\N	2025-11-09 23:00:57.872075+02	8	8
115	sent	\N	2025-11-09 23:00:57.984179+02	8	9
116	sent	\N	2025-11-09 23:00:58.098642+02	8	10
117	sent	\N	2025-11-09 23:00:58.213843+02	8	11
118	sent	\N	2025-11-09 23:00:58.325919+02	8	12
119	sent	\N	2025-11-09 23:00:58.438608+02	8	13
120	sent	\N	2025-11-09 23:00:58.547092+02	8	2
121	sent	\N	2025-11-09 23:00:58.658108+02	8	4
122	sent	\N	2025-11-09 23:00:58.775579+02	8	5
123	sent	\N	2025-11-09 23:00:58.888977+02	8	15
124	sent	\N	2025-11-09 23:00:59.003746+02	8	16
125	sent	\N	2025-11-09 23:00:59.118563+02	8	17
126	sent	\N	2025-11-09 23:00:59.234819+02	8	18
127	sent	\N	2025-11-09 23:00:59.348429+02	8	19
128	sent	\N	2025-11-09 23:00:59.463063+02	8	20
129	sent	\N	2025-11-09 23:00:59.580609+02	8	21
130	sent	\N	2025-11-09 23:00:59.694709+02	8	22
131	sent	\N	2025-11-09 23:00:59.80656+02	8	23
132	sent	\N	2025-11-09 23:00:59.919649+02	8	1
133	sent	\N	2025-11-09 23:42:20.084446+02	9	6
134	sent	\N	2025-11-09 23:42:20.196496+02	9	7
135	sent	\N	2025-11-09 23:42:20.308804+02	9	8
136	sent	\N	2025-11-09 23:42:20.422316+02	9	9
137	sent	\N	2025-11-09 23:42:20.536552+02	9	10
138	sent	\N	2025-11-09 23:42:20.649853+02	9	11
139	sent	\N	2025-11-09 23:42:20.764071+02	9	12
140	sent	\N	2025-11-09 23:42:20.902197+02	9	13
141	sent	\N	2025-11-09 23:42:21.015179+02	9	2
142	sent	\N	2025-11-09 23:42:21.127564+02	9	4
143	sent	\N	2025-11-09 23:42:21.241828+02	9	5
144	sent	\N	2025-11-09 23:42:21.355323+02	9	15
145	sent	\N	2025-11-09 23:42:21.471018+02	9	16
146	sent	\N	2025-11-09 23:42:21.585562+02	9	17
147	sent	\N	2025-11-09 23:42:21.69862+02	9	18
148	sent	\N	2025-11-09 23:42:21.812579+02	9	19
149	sent	\N	2025-11-09 23:42:21.924971+02	9	20
150	sent	\N	2025-11-09 23:42:22.037791+02	9	21
151	sent	\N	2025-11-09 23:42:22.148574+02	9	22
152	sent	\N	2025-11-09 23:42:22.264423+02	9	23
153	sent	\N	2025-11-09 23:42:22.38052+02	9	1
154	sent	\N	2025-11-10 13:43:36.542142+02	10	1
155	sent	\N	2025-11-10 13:47:38.249476+02	11	1
156	pending	\N	\N	12	6
157	pending	\N	\N	12	7
158	pending	\N	\N	12	8
159	pending	\N	\N	12	9
160	pending	\N	\N	12	10
161	pending	\N	\N	12	11
162	pending	\N	\N	12	12
163	pending	\N	\N	12	13
164	pending	\N	\N	12	2
165	pending	\N	\N	12	4
166	pending	\N	\N	12	5
167	pending	\N	\N	12	15
168	pending	\N	\N	12	16
169	pending	\N	\N	12	17
170	pending	\N	\N	12	18
171	pending	\N	\N	12	19
172	pending	\N	\N	12	20
173	pending	\N	\N	12	21
174	pending	\N	\N	12	22
175	pending	\N	\N	12	23
176	pending	\N	\N	12	1
177	sent	\N	2025-11-10 13:50:59.260668+02	13	6
178	sent	\N	2025-11-10 13:51:02.352472+02	13	7
179	sent	\N	2025-11-10 13:51:05.388204+02	13	8
180	sent	\N	2025-11-10 13:51:08.439442+02	13	9
181	sent	\N	2025-11-10 13:51:11.498037+02	13	10
182	sent	\N	2025-11-10 13:51:14.555992+02	13	11
183	sent	\N	2025-11-10 13:51:17.643951+02	13	12
184	sent	\N	2025-11-10 13:51:20.75537+02	13	13
185	sent	\N	2025-11-10 13:51:23.823676+02	13	2
186	sent	\N	2025-11-10 13:51:26.871316+02	13	4
187	sent	\N	2025-11-10 13:51:29.89718+02	13	5
188	sent	\N	2025-11-10 13:51:32.956502+02	13	15
189	sent	\N	2025-11-10 13:51:36.091889+02	13	16
190	sent	\N	2025-11-10 13:51:39.248522+02	13	17
191	sent	\N	2025-11-10 13:51:42.368702+02	13	18
192	sent	\N	2025-11-10 13:51:45.473593+02	13	19
193	sent	\N	2025-11-10 13:51:48.588195+02	13	20
194	sent	\N	2025-11-10 13:51:51.689082+02	13	21
195	sent	\N	2025-11-10 13:51:54.766732+02	13	22
196	sent	\N	2025-11-10 13:51:57.868602+02	13	23
197	sent	\N	2025-11-10 13:52:00.956653+02	13	1
220	sent	\N	2025-11-14 18:15:31.157823+02	43	1
221	pending	\N	\N	44	1
222	pending	\N	\N	45	1
223	sent	\N	2025-11-14 18:32:03.813867+02	46	1
224	sent	\N	2025-11-14 18:34:59.427308+02	47	1
225	sent	\N	2025-11-14 18:37:06.924357+02	48	1
226	sent	\N	2025-11-14 18:37:20.710432+02	49	6
227	sent	\N	2025-11-14 18:37:22.483325+02	49	7
228	sent	\N	2025-11-14 18:37:24.242899+02	49	8
229	sent	\N	2025-11-14 18:37:25.917675+02	49	9
230	sent	\N	2025-11-14 18:37:27.542857+02	49	10
231	sent	\N	2025-11-14 18:37:29.138605+02	49	11
232	sent	\N	2025-11-14 18:37:30.936091+02	49	12
233	sent	\N	2025-11-14 18:37:32.693112+02	49	13
234	sent	\N	2025-11-14 18:37:34.314313+02	49	4
235	sent	\N	2025-11-14 18:37:35.957083+02	49	5
236	sent	\N	2025-11-14 18:37:37.598402+02	49	15
237	sent	\N	2025-11-14 18:37:39.238361+02	49	16
238	sent	\N	2025-11-14 18:37:41.016011+02	49	17
239	sent	\N	2025-11-14 18:37:42.798368+02	49	18
240	sent	\N	2025-11-14 18:37:44.595898+02	49	19
241	sent	\N	2025-11-14 18:37:46.718462+02	49	20
242	sent	\N	2025-11-14 18:37:48.624168+02	49	21
243	sent	\N	2025-11-14 18:37:50.540955+02	49	22
244	sent	\N	2025-11-14 18:37:52.438125+02	49	23
245	sent	\N	2025-11-14 18:37:54.094834+02	49	2
246	sent	\N	2025-11-14 18:37:55.686712+02	49	1
247	pending	\N	\N	50	6
248	pending	\N	\N	50	7
249	pending	\N	\N	50	8
250	pending	\N	\N	50	9
251	pending	\N	\N	50	10
252	pending	\N	\N	50	11
253	pending	\N	\N	50	12
254	pending	\N	\N	50	13
255	pending	\N	\N	50	4
256	pending	\N	\N	50	5
257	pending	\N	\N	50	15
258	pending	\N	\N	50	16
259	pending	\N	\N	50	17
260	pending	\N	\N	50	18
261	pending	\N	\N	50	19
262	pending	\N	\N	50	20
263	pending	\N	\N	50	21
264	pending	\N	\N	50	22
265	pending	\N	\N	50	23
266	pending	\N	\N	50	2
267	pending	\N	\N	50	1
268	sent	\N	2025-11-14 18:59:19.95234+02	51	6
269	sent	\N	2025-11-14 18:59:21.692422+02	51	7
270	sent	\N	2025-11-14 18:59:23.33206+02	51	8
271	sent	\N	2025-11-14 18:59:24.902607+02	51	9
272	sent	\N	2025-11-14 18:59:26.508438+02	51	10
273	sent	\N	2025-11-14 18:59:28.108935+02	51	11
274	sent	\N	2025-11-14 18:59:29.715935+02	51	12
275	sent	\N	2025-11-14 18:59:31.395914+02	51	13
276	sent	\N	2025-11-14 18:59:32.994144+02	51	4
277	sent	\N	2025-11-14 18:59:34.656914+02	51	5
278	sent	\N	2025-11-14 18:59:36.311273+02	51	15
279	sent	\N	2025-11-14 18:59:38.022192+02	51	16
280	sent	\N	2025-11-14 18:59:39.94532+02	51	17
281	sent	\N	2025-11-14 18:59:41.697511+02	51	18
282	sent	\N	2025-11-14 18:59:43.314863+02	51	19
283	sent	\N	2025-11-14 18:59:44.998435+02	51	20
284	sent	\N	2025-11-14 18:59:46.602054+02	51	21
285	sent	\N	2025-11-14 18:59:48.198509+02	51	22
286	sent	\N	2025-11-14 18:59:49.876702+02	51	23
287	sent	\N	2025-11-14 18:59:51.494132+02	51	2
288	sent	\N	2025-11-14 18:59:53.149269+02	51	1
\.


--
-- Data for Name: core_seoblock; Type: TABLE DATA; Schema: public; Owner: kinocms_user
--

COPY public.core_seoblock (id, title, url, keywords, description) FROM stdin;
3	Заголовок	http://127.0.0.1:8000/ru/admin-panel/pages/	слова	Описание
4	заголовок	http://127.0.0.1:8000/ru/admin-panel/pages/	слова	описание
5	Заголовок	http://127.0.0.1:8000/ru/admin-panel/pages/	Слова	Описание
6	Заголовок	http://127.0.0.1:8000/ru/admin-panel/pages/	слова	Описание
7	Заголовок	http://127.0.0.1:8000/ru/admin-panel/pages/	Слова	Описание
8	заголовок	http://127.0.0.1:8000/ru/admin-panel/pages/	слова	Описание
2	Заголовок	http://127.0.0.1:8000/ru/admin-panel/pages/	слова	Описание
9	Заголовок	http://127.0.0.1:8000/ru/admin-panel/pages/	Слова	описание
10	Заголовок	http://127.0.0.1:8000/ru/admin-panel/pages/	Слова	Описание
11	Заголовок	http://127.0.0.1:8000/ru/admin-panel/pages/	Слова	Описание
12	Заголовок	http://127.0.0.1:8000/ru/admin-panel/pages/	Слова	Описание
13	Заголовок	http://127.0.0.1:8000/ru/admin-panel/pages/	Слова	Описание
14	Заголовок	http://127.0.0.1:8000/ru/admin-panel/pages/	Слова	Описание
15	Заголовок	http://127.0.0.1:8000/ru/admin-panel/pages/	Слова	Описание
16	Заголовок	http://127.0.0.1:8000/ru/admin-panel/pages/	Слова	Описание
17	Заголовок	http://127.0.0.1:8000/ru/admin-panel/pages/	Слова	Описание
18	Заголовок	http://127.0.0.1:8000/ru/admin-panel/pages/	Слова	Описание
19	Заголовок	http://127.0.0.1:8000/ru/admin-panel/pages/	Слова	Описание
20	Заголовок	http://127.0.0.1:8000/ru/admin-panel/pages/	Слова	Описание
\.


--
-- Data for Name: django_admin_log; Type: TABLE DATA; Schema: public; Owner: kinocms_user
--

COPY public.django_admin_log (id, action_time, object_id, object_repr, action_flag, change_message, content_type_id, user_id) FROM stdin;
\.


--
-- Data for Name: django_celery_results_chordcounter; Type: TABLE DATA; Schema: public; Owner: kinocms_user
--

COPY public.django_celery_results_chordcounter (id, group_id, sub_tasks, count) FROM stdin;
\.


--
-- Data for Name: django_celery_results_groupresult; Type: TABLE DATA; Schema: public; Owner: kinocms_user
--

COPY public.django_celery_results_groupresult (id, group_id, date_created, date_done, content_type, content_encoding, result) FROM stdin;
\.


--
-- Data for Name: django_celery_results_taskresult; Type: TABLE DATA; Schema: public; Owner: kinocms_user
--

COPY public.django_celery_results_taskresult (id, task_id, status, content_type, content_encoding, result, date_done, traceback, meta, task_args, task_kwargs, task_name, worker, date_created, periodic_task_name, date_started) FROM stdin;
1	c1adbd7a-4aa0-4849-9b08-1773e99a5712	SUCCESS	application/json	utf-8	{"status": "completed", "sent_count": 21, "failed_count": 0}	2025-11-09 17:42:42.522741+02	\N	{"children": []}	\N	\N	\N	\N	2025-11-09 17:42:42.522729+02	\N	\N
2	22cbcee9-6ff2-426c-b1e0-69c0f7be3e8d	SUCCESS	application/json	utf-8	{"status": "completed", "sent_count": 5, "failed_count": 0}	2025-11-09 18:00:00.826349+02	\N	{"children": []}	\N	\N	\N	\N	2025-11-09 18:00:00.826336+02	\N	\N
3	c017e668-7ba7-47a9-b736-f120fef8e2df	SUCCESS	application/json	utf-8	{"status": "completed", "sent_count": 21, "failed_count": 0}	2025-11-09 18:00:21.927386+02	\N	{"children": []}	\N	\N	\N	\N	2025-11-09 18:00:21.927374+02	\N	\N
4	09fe605b-baad-4fbd-867b-b7545d07faf7	SUCCESS	application/json	utf-8	{"status": "completed", "sent_count": 21, "failed_count": 0, "total": 21}	2025-11-09 22:57:51.189077+02	\N	{"children": []}	\N	\N	\N	\N	2025-11-09 22:57:48.787158+02	\N	\N
8	4fde7ac3-f1e1-4d1e-808b-899332726292	SUCCESS	application/json	utf-8	{"status": "completed", "sent_count": 21, "failed_count": 0, "total": 21}	2025-11-09 23:42:22.501413+02	\N	{"children": []}	\N	\N	\N	\N	2025-11-09 23:42:20.09154+02	\N	\N
9	4a42635c-9259-4442-b2ef-fa40a6c7ab2f	SUCCESS	application/json	utf-8	{"status": "completed", "sent_count": 1, "failed_count": 0, "total": 1}	2025-11-10 13:43:38.569803+02	\N	{"children": []}	\N	\N	\N	\N	2025-11-10 13:43:36.55169+02	\N	\N
10	b17a04c2-964f-4f1f-b3b8-db3c042d9a95	SUCCESS	application/json	utf-8	{"status": "completed", "sent_count": 1, "failed_count": 0, "total": 1}	2025-11-10 13:47:40.266778+02	\N	{"children": []}	\N	\N	\N	\N	2025-11-10 13:47:38.255777+02	\N	\N
11	e6545085-ac60-44f4-a1e4-38e577b6b04d	SUCCESS	application/json	utf-8	{"status": "error", "message": "\\u0420\\u0430\\u0441\\u0441\\u044b\\u043b\\u043a\\u0430 \\u043d\\u0435 \\u043d\\u0430\\u0439\\u0434\\u0435\\u043d\\u0430"}	2025-11-10 13:48:11.208843+02	\N	{"children": []}	\N	\N	\N	\N	2025-11-10 13:48:11.208828+02	\N	\N
5	b8a7167d-cc01-49f2-b590-f0d98c815f9f	SUCCESS	application/json	utf-8	{"status": "completed", "sent_count": 21, "failed_count": 0, "total": 21}	2025-11-09 22:59:35.195608+02	\N	{"children": []}	\N	\N	\N	\N	2025-11-09 22:59:32.79049+02	\N	\N
6	b0cddbef-08d8-4a4a-aec0-b00e3d090c5a	SUCCESS	application/json	utf-8	{"status": "error", "message": "\\u0420\\u0430\\u0441\\u0441\\u044b\\u043b\\u043a\\u0430 \\u043d\\u0435 \\u043d\\u0430\\u0439\\u0434\\u0435\\u043d\\u0430"}	2025-11-09 23:00:14.751036+02	\N	{"children": []}	\N	\N	\N	\N	2025-11-09 23:00:14.751019+02	\N	\N
12	7c6ab1b8-2af0-4a39-a948-a3017557536a	SUCCESS	application/json	utf-8	{"status": "completed", "sent_count": 21, "failed_count": 0, "total": 21}	2025-11-10 13:52:02.990355+02	\N	{"children": []}	\N	\N	\N	\N	2025-11-10 13:50:59.26953+02	\N	\N
42	378da224-0ae9-4312-abef-49b37fecbbd7	SUCCESS	application/json	utf-8	{"status": "completed", "sent_count": 1, "failed_count": 0, "total": 1}	2025-11-14 18:15:31.684888+02	\N	{"children": []}	\N	\N	\N	\N	2025-11-14 18:15:31.175766+02	\N	\N
43	1d26070f-1460-4805-9c2c-24b706aa693e	SUCCESS	application/json	utf-8	{"status": "error", "message": "\\u0420\\u0430\\u0441\\u0441\\u044b\\u043b\\u043a\\u0430 \\u043d\\u0435 \\u043d\\u0430\\u0439\\u0434\\u0435\\u043d\\u0430"}	2025-11-14 18:24:52.890963+02	\N	{"children": []}	\N	\N	\N	\N	2025-11-14 18:24:52.890952+02	\N	\N
44	8a81c37e-3992-477d-8d73-fc6b3a2d8ded	SUCCESS	application/json	utf-8	{"status": "error", "message": "\\u0420\\u0430\\u0441\\u0441\\u044b\\u043b\\u043a\\u0430 \\u043d\\u0435 \\u043d\\u0430\\u0439\\u0434\\u0435\\u043d\\u0430"}	2025-11-14 18:31:31.368306+02	\N	{"children": []}	\N	\N	\N	\N	2025-11-14 18:31:31.368296+02	\N	\N
45	100b3079-5320-43ba-bd23-b015b04045ce	SUCCESS	application/json	utf-8	{"status": "completed", "sent_count": 1, "failed_count": 0, "total": 1}	2025-11-14 18:32:04.345+02	\N	{"children": []}	\N	\N	\N	\N	2025-11-14 18:32:03.830632+02	\N	\N
46	2c29e352-ca74-49f8-8f01-13488f97edf3	SUCCESS	application/json	utf-8	{"status": "completed", "sent_count": 1, "failed_count": 0, "total": 1}	2025-11-14 18:34:59.961956+02	\N	{"children": []}	\N	\N	\N	\N	2025-11-14 18:34:59.443782+02	\N	\N
47	78d6e719-fe70-473d-862c-c160cd362921	SUCCESS	application/json	utf-8	{"status": "completed", "sent_count": 1, "failed_count": 0, "total": 1}	2025-11-14 18:37:07.459662+02	\N	{"children": []}	\N	\N	\N	\N	2025-11-14 18:37:06.940809+02	\N	\N
7	952bfdd6-14c2-4bac-9f11-213ed66d0b02	SUCCESS	application/json	utf-8	{"status": "completed", "sent_count": 21, "failed_count": 0, "total": 21}	2025-11-09 23:01:00.036392+02	\N	{"children": []}	\N	\N	\N	\N	2025-11-09 23:00:57.315399+02	\N	\N
48	4a74ac8b-0796-4f2d-87c4-bdbb4cee2411	SUCCESS	application/json	utf-8	{"status": "completed", "sent_count": 21, "failed_count": 0, "total": 21}	2025-11-14 18:37:56.219633+02	\N	{"children": []}	\N	\N	\N	\N	2025-11-14 18:37:20.727639+02	\N	\N
49	b216f5c5-5a3e-42e9-ac66-a86bbd1745d8	SUCCESS	application/json	utf-8	{"status": "error", "message": "\\u0420\\u0430\\u0441\\u0441\\u044b\\u043b\\u043a\\u0430 \\u043d\\u0435 \\u043d\\u0430\\u0439\\u0434\\u0435\\u043d\\u0430"}	2025-11-14 18:58:57.986706+02	\N	{"children": []}	\N	\N	\N	\N	2025-11-14 18:58:57.986693+02	\N	\N
50	90677321-c7b3-4221-a68c-3203f529b28a	SUCCESS	application/json	utf-8	{"status": "completed", "sent_count": 21, "failed_count": 0, "total": 21}	2025-11-14 18:59:53.669083+02	\N	{"children": []}	\N	\N	\N	\N	2025-11-14 18:59:19.961218+02	\N	\N
\.


--
-- Data for Name: django_content_type; Type: TABLE DATA; Schema: public; Owner: kinocms_user
--

COPY public.django_content_type (id, app_label, model) FROM stdin;
1	admin	logentry
2	auth	permission
3	auth	group
4	contenttypes	contenttype
5	sessions	session
6	core	gallery
8	core	seoblock
9	core	booking
10	cinema	cinema
11	cinema	hall
12	cinema	movie
13	cinema	session
14	page	pagecontacts
15	page	pageelse
16	page	pagemain
17	page	pagenewspromos
18	banner	bannerbackground
19	banner	bannersettings
20	users	customuser
21	page	pagenewssales
22	cinema	image1
23	cinema	seoblock1
7	core	galleryimage
24	cinema	seat
25	cinema	booking
26	banner	banneritem
27	banner	bannerslider
28	banner	bottombanneritem
29	banner	bottombannerslider
30	django_celery_results	taskresult
31	django_celery_results	chordcounter
32	django_celery_results	groupresult
33	core	mailing
34	core	mailingrecipient
35	core	mailingfile
\.


--
-- Data for Name: django_migrations; Type: TABLE DATA; Schema: public; Owner: kinocms_user
--

COPY public.django_migrations (id, app, name, applied) FROM stdin;
1	contenttypes	0001_initial	2025-10-01 11:55:42.045074+03
2	contenttypes	0002_remove_content_type_name	2025-10-01 11:55:42.049477+03
3	auth	0001_initial	2025-10-01 11:55:42.111925+03
4	auth	0002_alter_permission_name_max_length	2025-10-01 11:55:42.118669+03
5	auth	0003_alter_user_email_max_length	2025-10-01 11:55:42.125049+03
6	auth	0004_alter_user_username_opts	2025-10-01 11:55:42.130996+03
7	auth	0005_alter_user_last_login_null	2025-10-01 11:55:42.136978+03
8	auth	0006_require_contenttypes_0002	2025-10-01 11:55:42.139367+03
9	auth	0007_alter_validators_add_error_messages	2025-10-01 11:55:42.145791+03
10	auth	0008_alter_user_username_max_length	2025-10-01 11:55:42.151573+03
11	auth	0009_alter_user_last_name_max_length	2025-10-01 11:55:42.157586+03
12	auth	0010_alter_group_name_max_length	2025-10-01 11:55:42.163717+03
13	auth	0011_update_proxy_permissions	2025-10-01 11:55:42.169888+03
14	auth	0012_alter_user_first_name_max_length	2025-10-01 11:55:42.175166+03
15	users	0001_initial	2025-10-01 11:55:42.191182+03
16	admin	0001_initial	2025-10-01 11:55:42.201805+03
17	admin	0002_logentry_remove_auto_add	2025-10-01 11:55:42.208033+03
18	admin	0003_logentry_add_action_flag_choices	2025-10-01 11:55:42.214129+03
19	banner	0001_initial	2025-10-01 11:55:42.219215+03
25	sessions	0001_initial	2025-10-01 11:55:42.457633+03
26	users	0002_alter_customuser_managers	2025-10-01 17:04:46.185315+03
27	users	0003_alter_customuser_phone_number	2025-10-01 17:36:32.230476+03
28	users	0004_alter_customuser_phone_number	2025-10-01 17:37:57.605864+03
45	cinema	0001_initial	2025-10-28 14:00:00.833687+02
46	core	0001_initial	2025-10-28 14:00:00.84688+02
47	core	0002_initial	2025-10-28 14:00:00.864046+02
48	core	0003_rename_image_galleryimage_alter_gallery_options_and_more	2025-10-28 14:00:00.882126+02
49	cinema	0002_initial	2025-10-28 14:00:00.929363+02
50	cinema	0003_alter_session_options_and_more	2025-10-28 14:00:01.132479+02
51	page	0001_initial	2025-10-28 14:00:01.189416+02
52	page	0002_alter_pagecontacts_options_pagecontacts_is_main_and_more	2025-10-28 14:00:01.339935+02
53	cinema	0004_alter_cinema_created_at	2025-10-28 14:00:18.162379+02
54	page	0003_alter_pageelse_slug	2025-10-28 14:00:18.175567+02
55	banner	0002_banneritem_bannerslider_bottombanneritem_and_more	2025-10-31 10:59:19.026568+02
56	page	0004_alter_pageelse_slug	2025-10-31 10:59:19.036344+02
57	cinema	0005_hall_created_at_alter_hall_cinema	2025-10-31 13:17:21.711229+02
58	cinema	0006_hall_scheme_data	2025-10-31 13:49:18.788869+02
59	cinema	0007_alter_hall_unique_together_hall_description_ru_and_more	2025-10-31 14:01:14.377133+02
60	cinema	0008_remove_hall_rows_remove_hall_seats_per_row	2025-10-31 18:25:41.301201+02
61	cinema	0009_alter_hall_name_alter_hall_name_ru_and_more	2025-11-04 16:51:34.966091+02
62	cinema	0010_session_format	2025-11-04 17:09:15.020312+02
63	django_celery_results	0001_initial	2025-11-09 16:54:24.050028+02
64	django_celery_results	0002_add_task_name_args_kwargs	2025-11-09 16:54:24.056873+02
65	django_celery_results	0003_auto_20181106_1101	2025-11-09 16:54:24.060231+02
66	django_celery_results	0004_auto_20190516_0412	2025-11-09 16:54:24.079274+02
67	django_celery_results	0005_taskresult_worker	2025-11-09 16:54:24.085353+02
68	django_celery_results	0006_taskresult_date_created	2025-11-09 16:54:24.110323+02
69	django_celery_results	0007_remove_taskresult_hidden	2025-11-09 16:54:24.114599+02
70	django_celery_results	0008_chordcounter	2025-11-09 16:54:24.121374+02
71	django_celery_results	0009_groupresult	2025-11-09 16:54:24.168094+02
72	django_celery_results	0010_remove_duplicate_indices	2025-11-09 16:54:24.173999+02
73	django_celery_results	0011_taskresult_periodic_task_name	2025-11-09 16:54:24.178078+02
74	django_celery_results	0012_taskresult_date_started	2025-11-09 16:54:24.182462+02
75	django_celery_results	0013_taskresult_django_cele_periodi_1993cf_idx	2025-11-09 16:54:24.18662+02
76	django_celery_results	0014_alter_taskresult_status	2025-11-09 16:54:24.190771+02
77	core	0004_mailingfile_mailing_mailingrecipient	2025-11-09 17:38:13.330373+02
78	banner	0003_alter_banneritem_options_alter_bannerslider_options_and_more	2025-11-11 20:48:29.461035+02
79	users	0005_customuser_nickname	2025-11-14 17:15:13.831062+02
80	core	0005_alter_seoblock_description_alter_seoblock_keywords_and_more	2025-11-17 14:11:16.726445+02
81	cinema	0011_alter_movie_description_alter_movie_description_ru_and_more	2025-11-17 14:11:16.827755+02
82	core	0006_alter_seoblock_keywords	2025-11-17 14:11:16.837865+02
83	core	0007_alter_seoblock_keywords	2025-11-18 10:45:06.351452+02
84	cinema	0012_alter_movie_description_alter_movie_description_ru_and_more	2025-11-18 10:45:06.448691+02
85	users	0007_alter_customuser_nickname	2025-11-18 10:49:13.855147+02
86	core	0008_alter_galleryimage_image	2025-11-18 17:41:15.200138+02
87	page	0005_alter_pagenewssales_description_and_more	2025-11-18 17:41:15.26228+02
88	users	0008_alter_customuser_options	2025-11-18 17:41:15.274787+02
89	cinema	0013_alter_cinema_banner_alter_cinema_conditions_and_more	2025-11-18 18:27:47.60172+02
90	cinema	0014_alter_hall_banner	2025-11-18 18:32:38.186002+02
91	page	0006_alter_pageelse_logo	2025-11-18 18:32:38.199726+02
\.


--
-- Data for Name: django_session; Type: TABLE DATA; Schema: public; Owner: kinocms_user
--

COPY public.django_session (session_key, session_data, expire_date) FROM stdin;
7j005fvgmuipxx3a5wa2cochbsur70zk	.eJxVjEEOwiAQRe_C2hCmpTC4dO8ZyDCAVA0kpV0Z765NutDtf-_9l_C0rcVvPS1-juIsQJx-t0D8SHUH8U711iS3ui5zkLsiD9rltcX0vBzu30GhXr41O-YJ2DhLAwZjrU6AAUaKBjJmlQfUoAgVG6uJaNI5GhUI0Din1SjeH99jN3A:1v3sfZ:XGw0fR4xO4ogac3BL-aCpzcmpFHJqzinoE_cOjI_9xU	2025-10-15 11:58:41.065184+03
d5stj0fmpy69elkfg0a92nyyj7qkyrqq	.eJxVjDEOwjAMRe-SGUU4ETRmZOcMkWM7pIASqWmnirtDpQ6w_vfeX02kZS5x6TrFUczFgDn8bon4qXUD8qB6b5Zbnacx2U2xO-321kRf1939OyjUy7dmUu_QJYcyEB6DgGNW0CQ--QyAYcghKHpAIfGUKXugdCZEQTqxeX8AASc49w:1v7Zoz:d7Bauu7xQGlKk4QJOYiD0_g46NqNHbOnk574B11p134	2025-10-25 16:39:41.106035+03
8fav2bfu8dubfyedhsbn4t1fmlmzxlw5	.eJxVjDkOwjAUBe_iGllxHH_blPScIfqbcQAlUpYKcXeIlALaNzPvZXrc1tpvi879IOZsnDn9boT80HEHcsfxNlmexnUeyO6KPehir5Po83K4fwcVl_qti-PS5eBzBg0BgFiSF4m5U8-A0QuIlhaSMLlEHDvFmJoGWkKKiub9AfOnOKs:1vKL3j:ZD95LxOv45_7X1QaE7rbc7NToiDA27ahrsrpateElHg	2025-11-29 20:31:39.680753+02
ltjqwa6ezakloep8xnjgi8syc85p7zlf	.eJxVjDkOwjAUBe_iGllxHH_blPScIfqbcQAlUpYKcXeIlALaNzPvZXrc1tpvi879IOZsnDn9boT80HEHcsfxNlmexnUeyO6KPehir5Po83K4fwcVl_qti-PS5eBzBg0BgFiSF4m5U8-A0QuIlhaSMLlEHDvFmJoGWkKKiub9AfOnOKs:1vKwyc:WoZqz-iNRE5WaaxnlwZ21jvXM97Qq86-RNY-CerJp3E	2025-12-01 13:00:54.802566+02
\.


--
-- Data for Name: page_pagecontacts; Type: TABLE DATA; Schema: public; Owner: kinocms_user
--

COPY public.page_pagecontacts (id, cinema_name, address, coordinates, logo, status, date, seo_block_id, is_main, "order") FROM stdin;
1	Главный кинотеатр 1	г. Киев, ул. Примерная, 1	50.4504,30.5245	page/logo/w1500_48910081_0Oyptj5.jpg	t	2025-10-28 14:09:37.114927+02	20	t	0
2	Главный кинотеатр 2	г. Киев, ул. Примерная, 12	50.4504,30.5245	page/logo/3_kSZK7vV.jpg	f	2025-10-28 20:15:23.991977+02	\N	f	0
\.


--
-- Data for Name: page_pageelse; Type: TABLE DATA; Schema: public; Owner: kinocms_user
--

COPY public.page_pageelse (id, name, description, logo, date, status, can_delete, gallery_id, seo_block_id, description_ru, description_uk, is_system, name_ru, name_uk, slug) FROM stdin;
7	кафешка	кафешка	page/logo/w1500_48910081_H6T7l7Q.jpg	2025-10-28 21:29:14.268987+02	t	f	7	\N	кафешка	кафешка укр	f	кафешка	кафешка укр	kafeshka
2	Кафе-Бар	<p>Содержимое страницы Кафе-Бар</p>	page/logo/w1500_48908474_T2sYfu3.jpg	2025-10-28 14:09:37.098988+02	t	f	5	16	<p>Содержимое страницы Кафе-Бар</p>	<p>Содержимое страницы Кафе-Бар</p>	t	Кафе-Бар	Кафе-Бар	cafe
1	О кинотеатре	<p>Содержимое страницы О кинотеатре</p>	page/logo/poster.jpg	2025-10-28 14:09:37.093957+02	t	f	54	15	<p>Содержимое страницы О кинотеатре</p>	Описание	t	О кинотеатре	Про кинотеатр	about
5	Детская комната	<p>Содержимое страницы Детская комната</p>	page/logo/poster_n8l5VRO.jpg	2025-10-28 14:09:37.107869+02	t	f	55	17	<p>Содержимое страницы Детская комната</p>	Описание	t	Детская комната	Дитяча комната	kids_room
4	Реклама	<p>Содержимое страницы Реклама</p>	page/logo/w1500_48908474_U1SzK7Y.jpg	2025-10-28 14:09:37.104778+02	t	f	1	18	<p>Содержимое страницы Реклама</p>	<p>Содержимое страницы Реклама</p>	t	Реклама	Реклама укр	promo
3	Vip-зал	<p>Содержимое страницы Vip-зал</p>	page/logo/poster_DaYc5iz.jpg	2025-10-28 14:09:37.101708+02	t	f	56	19	<p>Содержимое страницы Vip-зал</p>	Опис	t	Vip-зал	Вип-зал	vip
\.


--
-- Data for Name: page_pagemain; Type: TABLE DATA; Schema: public; Owner: kinocms_user
--

COPY public.page_pagemain (id, phone_number1, phone_number2, status, date, seo_text, seo_block_id, can_delete, seo_text_ru, seo_text_uk) FROM stdin;
1	+380994718721	+380994718722	t	2025-10-28 14:09:37.111206+02	Текст для SEO главной страницы...	14	f	Текст для SEO главной страницы...	Текст для SEO главной страницы...
\.


--
-- Data for Name: page_pagenewssales; Type: TABLE DATA; Schema: public; Owner: kinocms_user
--

COPY public.page_pagenewssales (id, type, name, name_ru, name_uk, description, description_ru, description_uk, date, publish_date, logo, video_url, status, gallery_id, seo_block_id) FROM stdin;
1	news	Новость	Новость	Новина	Описание новости	Описание новости	Опис новини	2025-11-04 16:04:12.482013+02	2025-11-04	page/logo/news.jpg	https://www.youtube.com/watch?v=sa5RC5VG4BM	t	15	12
2	sale	Акция	Акция	Акція	Описание акции	Описание акции	Опис акціі	2025-11-04 16:12:56.798848+02	2025-11-04	page/logo/sales.jpg	https://www.youtube.com/watch?v=oHj6_NWvYV8	t	16	13
\.


--
-- Data for Name: users_customuser; Type: TABLE DATA; Schema: public; Owner: kinocms_user
--

COPY public.users_customuser (id, password, last_login, is_superuser, is_staff, is_active, date_joined, email, first_name, last_name, address, card_number, phone_number, date_of_birth, city, gender, language, nickname) FROM stdin;
6	pbkdf2_sha256$1000000$QMEeMPzQFD50QPW56HJMxQ$aJwEb0KMKJ5QYw+zDoLKoVb7sRXmNUpINEci76PaQCY=	\N	f	f	t	2024-11-18 12:11:05.317064+02	ирина.козлов314@test.com	Ирина	Козлов	пр. Независимости, 4	4344879851694622	0987876145	1991-09-19	kharkiv	male	uk	\N
7	pbkdf2_sha256$1000000$x9hrPrxVtpFZkgr9U7FMeq$h95QG9yGjlJYrWh/rq/GDzL9K1AjpqVGbua6oY8dnuM=	\N	f	f	t	2025-07-23 13:11:05.701662+03	максим.сидоров732@test.com	Максим	Сидоров	ул. Грушевского, 21	5896594929928596	0913093978	1975-10-17	kharkiv	female	uk	\N
8	pbkdf2_sha256$1000000$PBFigjz2qKwZ8FvjHTsdGE$iQsZgvNdnyfZcTHYiQU6vOdTQmr/8gzXRBZPv1r2TNA=	\N	f	f	t	2025-06-02 13:11:06.121632+03	мария.степанов757@test.com	Мария	Степанов	пер. Шевченко, 81	6476460844255957	0971308267	2001-08-27	lviv	female	ru	\N
9	pbkdf2_sha256$1000000$x09puwRdhdxlkfW2vuvjY3$6mwXVEhNqaci3aNpsnyd/1zTBjj53elSJ5z85t/n9EY=	\N	f	f	t	2025-01-26 12:11:06.554835+02	илья.соколов519@test.com	Илья	Соколов	ул. Грушевского, 144	6624391538888312	0918916562	1985-08-18	lviv	female	ru	\N
10	pbkdf2_sha256$1000000$FjrjxjYrSnV3lw7XeQ1ALa$BmvZTiFMQh3DVM3pBp4HUVjmhiBQGcI85zhXtba2T9Y=	\N	f	f	t	2025-07-28 13:11:06.937678+03	артем.алексеев305@test.com	Артем	Алексеев	пер. Шевченко, 31	4071814089918887	0929925647	2003-12-30	kyiv	female	uk	\N
11	pbkdf2_sha256$1000000$wGK625cMtXdEzi5ffY8Dkw$tUTdrNjr2JPMzizaXzu3UgKbv/a4Nfm77YcFL0lz6Fg=	\N	f	f	t	2025-05-30 13:11:07.316488+03	анна.алексеев692@test.com	Анна	Алексеев	ул. Саксаганского, 54	9977174139797417	0975205161	1987-06-27	kharkiv	male	uk	\N
12	pbkdf2_sha256$1000000$FLgrwZ9quH0CuHlfxeRu21$NMWznWExRWSmyL/vFPXbD+Rp2WDQMFR9e+sbj48coyQ=	\N	f	f	t	2025-09-29 13:11:07.69204+03	александр.алексеев541@test.com	Александр	Алексеев	пер. Шевченко, 182	6626404126005029	0916107432	1975-02-20	lviv	male	ru	\N
13	pbkdf2_sha256$1000000$8KhQGkPmrVtNqvrjWkdsts$btFi+3518ZXBDEjmLDwk4VvWZEFkv/TWq4xEG//4wfg=	\N	f	f	t	2024-11-20 12:11:08.069559+02	алексей.степанов471@test.com	Алексей	Степанов	ул. Крещатик, 148	7976514870274662	0988986483	1989-11-16	dnipro	male	ru	\N
1	pbkdf2_sha256$1000000$3smxyTYwdM3cYFVx1bc7ff$+aWJFzTiHfP1fcPXKdZyd3uPYTziuOU1CvR7umLmCTE=	2025-11-17 13:00:54.797398+02	t	t	t	2025-10-01 11:58:23.042422+03	petrakov.14ca114@gmail.com	Vladyslav	Petrakov	Киевйц	1111222233334444	0994718721	\N	kyiv	male	ru	Factor
4	pbkdf2_sha256$1000000$Pwyv2LRak0kuqvL3vyx3gl$kQI5Qp7a2UkQPClKiOJwXBW2P/8J8zcl4uExmTgA19w=	\N	f	f	t	2025-07-18 13:11:04.554504+03	илья.попов590@test.com	Илья	Попов	пер. Шевченко, 15	3969191484154861	0975759809	1990-12-01	lviv	male	ru	\N
5	pbkdf2_sha256$1000000$WRVdhFhZ8tVolOsvyA5tB4$DYwzoaNGoPxT/fEQ0a6iLxjPawtmQPKk3ri3qJh1UW0=	\N	f	f	t	2025-07-05 13:11:04.937118+03	мария.волков383@test.com	Мария	Волков	ул. Крещатик, 149	2783649665778712	0906086649	1982-08-12	kharkiv	male	uk	\N
15	pbkdf2_sha256$1000000$QcnOd4cfCntdj5OBhNvSP5$77TqZXo/i2Up/AP233dzYTQyyYt53A/XKcBbnR6KktM=	\N	f	f	t	2025-06-24 13:11:08.820727+03	андрей.козлов609@test.com	Андрей	Козлов	ул. Саксаганского, 46	4269155932981801	0995699050	2004-03-19	odessa	female	ru	\N
16	pbkdf2_sha256$1000000$Muc8nR7G5QmiwgqoMCPBls$5UsTkJv1zTlpjbT00Vj3NfIoPpl3jY1wyLt6uEeC80o=	\N	f	f	t	2025-06-12 13:11:09.200832+03	татьяна.алексеев694@test.com	Татьяна	Алексеев	ул. Крещатик, 101	7584629436557076	0934303518	1997-12-16	dnipro	female	uk	\N
17	pbkdf2_sha256$1000000$bTsRb2a9F5eXoxFlxdE2oZ$0q1t+41MoSRfcGQODQbqWe2LoqXxqdLnGJ0psSHtkEk=	\N	f	f	t	2025-05-21 13:11:09.583883+03	елена.смирнов344@test.com	Елена	Смирнов	ул. Саксаганского, 152	6546119642641949	0988247559	1981-01-20	dnipro	male	ru	\N
18	pbkdf2_sha256$1000000$bqz2zkVIXFvk6ai4pjmoeq$n2xpr8KCaR1UZgp4veWSwrf9443D17j+zGv1MjYD3vE=	\N	f	f	t	2025-07-22 13:11:09.965515+03	татьяна.федоров544@test.com	Татьяна	Федоров	ул. Грушевского, 180	6453544797683834	0959543168	1985-10-09	kyiv	female	ru	\N
19	pbkdf2_sha256$1000000$2Met6AEw9KIeYkKAahF2F8$0e+Y7/PsHk2ZTikpxEIGzHnd1FDXoO345BW2iyFLVso=	\N	f	f	t	2024-10-24 13:11:10.343154+03	артем.егоров934@test.com	Артем	Егоров	ул. Саксаганского, 7	7109247850565480	0914799350	1986-05-11	odessa	female	ru	\N
20	pbkdf2_sha256$1000000$V9s9fGY4q9PjWk93dhq9ft$UjuTYxjDi1kIG9cmRIBFGmBMRlIXiW303e+0BykbrT4=	\N	f	f	t	2025-07-26 13:11:10.721853+03	наталья.михайлов300@test.com	Наталья	Михайлов	ул. Крещатик, 54	7349731837565259	0966830889	1975-03-21	kharkiv	male	ru	\N
21	pbkdf2_sha256$1000000$d5f2R7uZZGVvl58TfMECCh$tZIQUOML2P/T5WOulazp8hEjaSq7cD2xBhe2xMYnRRA=	\N	f	f	t	2024-12-03 12:11:11.104778+02	наталья.федоров629@test.com	Наталья	Федоров	пер. Шевченко, 70	7016477388115765	0971910108	1986-02-24	kharkiv	male	ru	\N
22	pbkdf2_sha256$1000000$JcwQIEapEh6eXzdpSfcNZ0$oxZBatVp+Y1mUxoe5s5o4ZrImUQSAIk9287DXfucVk4=	\N	f	f	t	2025-02-02 12:11:11.484755+02	максим.новиков779@test.com	Максим	Новиков	пр. Независимости, 97	2086724096855980	0924471994	1994-02-26	odessa	female	uk	\N
23	pbkdf2_sha256$1000000$F8MbnuNX13JUE9yn2wFsmN$O2DgsbXfJf95lyD+6ZakwHU37QszN+iuR59r4H5RH3A=	\N	f	f	t	2025-04-15 13:11:11.860809+03	александр.морозов283@test.com	Александр	Морозов	ул. Грушевского, 32	7796669172896508	0906435532	1995-04-29	kharkiv	female	ru	\N
2	pbkdf2_sha256$1000000$kY6eZo3PAsVD6GWWaGIKWM$7VrXvwiUnjAbRHPBLxa74pIuNiJ8MZOEPp5BsyoQITY=	2025-11-14 17:21:54.694616+02	f	f	t	2025-10-01 17:18:27.868285+03	test@test.com	Test	User	\N	\N	\N	\N	\N	male	ru	\N
\.


--
-- Data for Name: users_customuser_groups; Type: TABLE DATA; Schema: public; Owner: kinocms_user
--

COPY public.users_customuser_groups (id, customuser_id, group_id) FROM stdin;
\.


--
-- Data for Name: users_customuser_user_permissions; Type: TABLE DATA; Schema: public; Owner: kinocms_user
--

COPY public.users_customuser_user_permissions (id, customuser_id, permission_id) FROM stdin;
\.


--
-- Name: auth_group_id_seq; Type: SEQUENCE SET; Schema: public; Owner: kinocms_user
--

SELECT pg_catalog.setval('public.auth_group_id_seq', 1, false);


--
-- Name: auth_group_permissions_id_seq; Type: SEQUENCE SET; Schema: public; Owner: kinocms_user
--

SELECT pg_catalog.setval('public.auth_group_permissions_id_seq', 1, false);


--
-- Name: auth_permission_id_seq; Type: SEQUENCE SET; Schema: public; Owner: kinocms_user
--

SELECT pg_catalog.setval('public.auth_permission_id_seq', 144, true);


--
-- Name: banner_bannerbackground_id_seq; Type: SEQUENCE SET; Schema: public; Owner: kinocms_user
--

SELECT pg_catalog.setval('public.banner_bannerbackground_id_seq', 1, true);


--
-- Name: banner_banneritem_id_seq; Type: SEQUENCE SET; Schema: public; Owner: kinocms_user
--

SELECT pg_catalog.setval('public.banner_banneritem_id_seq', 13, true);


--
-- Name: banner_bannerslider_id_seq; Type: SEQUENCE SET; Schema: public; Owner: kinocms_user
--

SELECT pg_catalog.setval('public.banner_bannerslider_id_seq', 1, true);


--
-- Name: banner_bottombanneritem_id_seq; Type: SEQUENCE SET; Schema: public; Owner: kinocms_user
--

SELECT pg_catalog.setval('public.banner_bottombanneritem_id_seq', 8, true);


--
-- Name: banner_bottombannerslider_id_seq; Type: SEQUENCE SET; Schema: public; Owner: kinocms_user
--

SELECT pg_catalog.setval('public.banner_bottombannerslider_id_seq', 2, true);


--
-- Name: cinema_booking_id_seq; Type: SEQUENCE SET; Schema: public; Owner: kinocms_user
--

SELECT pg_catalog.setval('public.cinema_booking_id_seq', 37, true);


--
-- Name: cinema_booking_seats_id_seq; Type: SEQUENCE SET; Schema: public; Owner: kinocms_user
--

SELECT pg_catalog.setval('public.cinema_booking_seats_id_seq', 41, true);


--
-- Name: cinema_cinema_id_seq; Type: SEQUENCE SET; Schema: public; Owner: kinocms_user
--

SELECT pg_catalog.setval('public.cinema_cinema_id_seq', 2, true);


--
-- Name: cinema_hall_id_seq; Type: SEQUENCE SET; Schema: public; Owner: kinocms_user
--

SELECT pg_catalog.setval('public.cinema_hall_id_seq', 4, true);


--
-- Name: cinema_movie_id_seq; Type: SEQUENCE SET; Schema: public; Owner: kinocms_user
--

SELECT pg_catalog.setval('public.cinema_movie_id_seq', 8, true);


--
-- Name: cinema_seat_id_seq; Type: SEQUENCE SET; Schema: public; Owner: kinocms_user
--

SELECT pg_catalog.setval('public.cinema_seat_id_seq', 49, true);


--
-- Name: cinema_session_id_seq; Type: SEQUENCE SET; Schema: public; Owner: kinocms_user
--

SELECT pg_catalog.setval('public.cinema_session_id_seq', 426, true);


--
-- Name: core_gallery_id_seq; Type: SEQUENCE SET; Schema: public; Owner: kinocms_user
--

SELECT pg_catalog.setval('public.core_gallery_id_seq', 56, true);


--
-- Name: core_image_id_seq; Type: SEQUENCE SET; Schema: public; Owner: kinocms_user
--

SELECT pg_catalog.setval('public.core_image_id_seq', 90, true);


--
-- Name: core_mailing_id_seq; Type: SEQUENCE SET; Schema: public; Owner: kinocms_user
--

SELECT pg_catalog.setval('public.core_mailing_id_seq', 51, true);


--
-- Name: core_mailingfile_id_seq; Type: SEQUENCE SET; Schema: public; Owner: kinocms_user
--

SELECT pg_catalog.setval('public.core_mailingfile_id_seq', 22, true);


--
-- Name: core_mailingrecipient_id_seq; Type: SEQUENCE SET; Schema: public; Owner: kinocms_user
--

SELECT pg_catalog.setval('public.core_mailingrecipient_id_seq', 288, true);


--
-- Name: core_seoblock_id_seq; Type: SEQUENCE SET; Schema: public; Owner: kinocms_user
--

SELECT pg_catalog.setval('public.core_seoblock_id_seq', 21, true);


--
-- Name: django_admin_log_id_seq; Type: SEQUENCE SET; Schema: public; Owner: kinocms_user
--

SELECT pg_catalog.setval('public.django_admin_log_id_seq', 1, false);


--
-- Name: django_celery_results_chordcounter_id_seq; Type: SEQUENCE SET; Schema: public; Owner: kinocms_user
--

SELECT pg_catalog.setval('public.django_celery_results_chordcounter_id_seq', 1, false);


--
-- Name: django_celery_results_groupresult_id_seq; Type: SEQUENCE SET; Schema: public; Owner: kinocms_user
--

SELECT pg_catalog.setval('public.django_celery_results_groupresult_id_seq', 1, false);


--
-- Name: django_celery_results_taskresult_id_seq; Type: SEQUENCE SET; Schema: public; Owner: kinocms_user
--

SELECT pg_catalog.setval('public.django_celery_results_taskresult_id_seq', 50, true);


--
-- Name: django_content_type_id_seq; Type: SEQUENCE SET; Schema: public; Owner: kinocms_user
--

SELECT pg_catalog.setval('public.django_content_type_id_seq', 35, true);


--
-- Name: django_migrations_id_seq; Type: SEQUENCE SET; Schema: public; Owner: kinocms_user
--

SELECT pg_catalog.setval('public.django_migrations_id_seq', 91, true);


--
-- Name: page_pagecontacts_id_seq; Type: SEQUENCE SET; Schema: public; Owner: kinocms_user
--

SELECT pg_catalog.setval('public.page_pagecontacts_id_seq', 2, true);


--
-- Name: page_pageelse_id_seq; Type: SEQUENCE SET; Schema: public; Owner: kinocms_user
--

SELECT pg_catalog.setval('public.page_pageelse_id_seq', 7, true);


--
-- Name: page_pagemain_id_seq; Type: SEQUENCE SET; Schema: public; Owner: kinocms_user
--

SELECT pg_catalog.setval('public.page_pagemain_id_seq', 1, true);


--
-- Name: page_pagenewssales_id_seq; Type: SEQUENCE SET; Schema: public; Owner: kinocms_user
--

SELECT pg_catalog.setval('public.page_pagenewssales_id_seq', 36, true);


--
-- Name: users_customuser_groups_id_seq; Type: SEQUENCE SET; Schema: public; Owner: kinocms_user
--

SELECT pg_catalog.setval('public.users_customuser_groups_id_seq', 1, false);


--
-- Name: users_customuser_id_seq; Type: SEQUENCE SET; Schema: public; Owner: kinocms_user
--

SELECT pg_catalog.setval('public.users_customuser_id_seq', 23, true);


--
-- Name: users_customuser_user_permissions_id_seq; Type: SEQUENCE SET; Schema: public; Owner: kinocms_user
--

SELECT pg_catalog.setval('public.users_customuser_user_permissions_id_seq', 1, false);


--
-- Name: auth_group auth_group_name_key; Type: CONSTRAINT; Schema: public; Owner: kinocms_user
--

ALTER TABLE ONLY public.auth_group
    ADD CONSTRAINT auth_group_name_key UNIQUE (name);


--
-- Name: auth_group_permissions auth_group_permissions_group_id_permission_id_0cd325b0_uniq; Type: CONSTRAINT; Schema: public; Owner: kinocms_user
--

ALTER TABLE ONLY public.auth_group_permissions
    ADD CONSTRAINT auth_group_permissions_group_id_permission_id_0cd325b0_uniq UNIQUE (group_id, permission_id);


--
-- Name: auth_group_permissions auth_group_permissions_pkey; Type: CONSTRAINT; Schema: public; Owner: kinocms_user
--

ALTER TABLE ONLY public.auth_group_permissions
    ADD CONSTRAINT auth_group_permissions_pkey PRIMARY KEY (id);


--
-- Name: auth_group auth_group_pkey; Type: CONSTRAINT; Schema: public; Owner: kinocms_user
--

ALTER TABLE ONLY public.auth_group
    ADD CONSTRAINT auth_group_pkey PRIMARY KEY (id);


--
-- Name: auth_permission auth_permission_content_type_id_codename_01ab375a_uniq; Type: CONSTRAINT; Schema: public; Owner: kinocms_user
--

ALTER TABLE ONLY public.auth_permission
    ADD CONSTRAINT auth_permission_content_type_id_codename_01ab375a_uniq UNIQUE (content_type_id, codename);


--
-- Name: auth_permission auth_permission_pkey; Type: CONSTRAINT; Schema: public; Owner: kinocms_user
--

ALTER TABLE ONLY public.auth_permission
    ADD CONSTRAINT auth_permission_pkey PRIMARY KEY (id);


--
-- Name: banner_bannerbackground banner_bannerbackground_pkey; Type: CONSTRAINT; Schema: public; Owner: kinocms_user
--

ALTER TABLE ONLY public.banner_bannerbackground
    ADD CONSTRAINT banner_bannerbackground_pkey PRIMARY KEY (id);


--
-- Name: banner_banneritem banner_banneritem_pkey; Type: CONSTRAINT; Schema: public; Owner: kinocms_user
--

ALTER TABLE ONLY public.banner_banneritem
    ADD CONSTRAINT banner_banneritem_pkey PRIMARY KEY (id);


--
-- Name: banner_bannerslider banner_bannerslider_pkey; Type: CONSTRAINT; Schema: public; Owner: kinocms_user
--

ALTER TABLE ONLY public.banner_bannerslider
    ADD CONSTRAINT banner_bannerslider_pkey PRIMARY KEY (id);


--
-- Name: banner_bottombanneritem banner_bottombanneritem_pkey; Type: CONSTRAINT; Schema: public; Owner: kinocms_user
--

ALTER TABLE ONLY public.banner_bottombanneritem
    ADD CONSTRAINT banner_bottombanneritem_pkey PRIMARY KEY (id);


--
-- Name: banner_bottombannerslider banner_bottombannerslider_pkey; Type: CONSTRAINT; Schema: public; Owner: kinocms_user
--

ALTER TABLE ONLY public.banner_bottombannerslider
    ADD CONSTRAINT banner_bottombannerslider_pkey PRIMARY KEY (id);


--
-- Name: cinema_booking cinema_booking_pkey; Type: CONSTRAINT; Schema: public; Owner: kinocms_user
--

ALTER TABLE ONLY public.cinema_booking
    ADD CONSTRAINT cinema_booking_pkey PRIMARY KEY (id);


--
-- Name: cinema_booking_seats cinema_booking_seats_booking_id_seat_id_03b8fe6a_uniq; Type: CONSTRAINT; Schema: public; Owner: kinocms_user
--

ALTER TABLE ONLY public.cinema_booking_seats
    ADD CONSTRAINT cinema_booking_seats_booking_id_seat_id_03b8fe6a_uniq UNIQUE (booking_id, seat_id);


--
-- Name: cinema_booking_seats cinema_booking_seats_pkey; Type: CONSTRAINT; Schema: public; Owner: kinocms_user
--

ALTER TABLE ONLY public.cinema_booking_seats
    ADD CONSTRAINT cinema_booking_seats_pkey PRIMARY KEY (id);


--
-- Name: cinema_cinema cinema_cinema_name_en_key; Type: CONSTRAINT; Schema: public; Owner: kinocms_user
--

ALTER TABLE ONLY public.cinema_cinema
    ADD CONSTRAINT cinema_cinema_name_en_key UNIQUE (name_uk);


--
-- Name: cinema_cinema cinema_cinema_name_key; Type: CONSTRAINT; Schema: public; Owner: kinocms_user
--

ALTER TABLE ONLY public.cinema_cinema
    ADD CONSTRAINT cinema_cinema_name_key UNIQUE (name);


--
-- Name: cinema_cinema cinema_cinema_name_ru_key; Type: CONSTRAINT; Schema: public; Owner: kinocms_user
--

ALTER TABLE ONLY public.cinema_cinema
    ADD CONSTRAINT cinema_cinema_name_ru_key UNIQUE (name_ru);


--
-- Name: cinema_cinema cinema_cinema_pkey; Type: CONSTRAINT; Schema: public; Owner: kinocms_user
--

ALTER TABLE ONLY public.cinema_cinema
    ADD CONSTRAINT cinema_cinema_pkey PRIMARY KEY (id);


--
-- Name: cinema_cinema cinema_cinema_seo_block_id_key; Type: CONSTRAINT; Schema: public; Owner: kinocms_user
--

ALTER TABLE ONLY public.cinema_cinema
    ADD CONSTRAINT cinema_cinema_seo_block_id_key UNIQUE (seo_block_id);


--
-- Name: cinema_hall cinema_hall_cinema_id_name_ru_d6e1091a_uniq; Type: CONSTRAINT; Schema: public; Owner: kinocms_user
--

ALTER TABLE ONLY public.cinema_hall
    ADD CONSTRAINT cinema_hall_cinema_id_name_ru_d6e1091a_uniq UNIQUE (cinema_id, name_ru);


--
-- Name: cinema_hall cinema_hall_cinema_id_name_uk_f761b2ab_uniq; Type: CONSTRAINT; Schema: public; Owner: kinocms_user
--

ALTER TABLE ONLY public.cinema_hall
    ADD CONSTRAINT cinema_hall_cinema_id_name_uk_f761b2ab_uniq UNIQUE (cinema_id, name_uk);


--
-- Name: cinema_hall cinema_hall_cinema_id_number_5aac57a2_uniq; Type: CONSTRAINT; Schema: public; Owner: kinocms_user
--

ALTER TABLE ONLY public.cinema_hall
    ADD CONSTRAINT cinema_hall_cinema_id_number_5aac57a2_uniq UNIQUE (cinema_id, name);


--
-- Name: cinema_hall cinema_hall_pkey; Type: CONSTRAINT; Schema: public; Owner: kinocms_user
--

ALTER TABLE ONLY public.cinema_hall
    ADD CONSTRAINT cinema_hall_pkey PRIMARY KEY (id);


--
-- Name: cinema_hall cinema_hall_seo_block_id_key; Type: CONSTRAINT; Schema: public; Owner: kinocms_user
--

ALTER TABLE ONLY public.cinema_hall
    ADD CONSTRAINT cinema_hall_seo_block_id_key UNIQUE (seo_block_id);


--
-- Name: cinema_movie cinema_movie_pkey; Type: CONSTRAINT; Schema: public; Owner: kinocms_user
--

ALTER TABLE ONLY public.cinema_movie
    ADD CONSTRAINT cinema_movie_pkey PRIMARY KEY (id);


--
-- Name: cinema_movie cinema_movie_seo_block_id_key; Type: CONSTRAINT; Schema: public; Owner: kinocms_user
--

ALTER TABLE ONLY public.cinema_movie
    ADD CONSTRAINT cinema_movie_seo_block_id_key UNIQUE (seo_block_id);


--
-- Name: cinema_movie cinema_movie_title_en_key; Type: CONSTRAINT; Schema: public; Owner: kinocms_user
--

ALTER TABLE ONLY public.cinema_movie
    ADD CONSTRAINT cinema_movie_title_en_key UNIQUE (name_ru);


--
-- Name: cinema_movie cinema_movie_title_key; Type: CONSTRAINT; Schema: public; Owner: kinocms_user
--

ALTER TABLE ONLY public.cinema_movie
    ADD CONSTRAINT cinema_movie_title_key UNIQUE (name);


--
-- Name: cinema_movie cinema_movie_title_ru_key; Type: CONSTRAINT; Schema: public; Owner: kinocms_user
--

ALTER TABLE ONLY public.cinema_movie
    ADD CONSTRAINT cinema_movie_title_ru_key UNIQUE (name_uk);


--
-- Name: cinema_seat cinema_seat_hall_id_number_row_38e2017e_uniq; Type: CONSTRAINT; Schema: public; Owner: kinocms_user
--

ALTER TABLE ONLY public.cinema_seat
    ADD CONSTRAINT cinema_seat_hall_id_number_row_38e2017e_uniq UNIQUE (hall_id, number, "row");


--
-- Name: cinema_seat cinema_seat_pkey; Type: CONSTRAINT; Schema: public; Owner: kinocms_user
--

ALTER TABLE ONLY public.cinema_seat
    ADD CONSTRAINT cinema_seat_pkey PRIMARY KEY (id);


--
-- Name: cinema_session cinema_session_pkey; Type: CONSTRAINT; Schema: public; Owner: kinocms_user
--

ALTER TABLE ONLY public.cinema_session
    ADD CONSTRAINT cinema_session_pkey PRIMARY KEY (id);


--
-- Name: core_gallery core_gallery_pkey; Type: CONSTRAINT; Schema: public; Owner: kinocms_user
--

ALTER TABLE ONLY public.core_gallery
    ADD CONSTRAINT core_gallery_pkey PRIMARY KEY (id);


--
-- Name: core_galleryimage core_image_pkey; Type: CONSTRAINT; Schema: public; Owner: kinocms_user
--

ALTER TABLE ONLY public.core_galleryimage
    ADD CONSTRAINT core_image_pkey PRIMARY KEY (id);


--
-- Name: core_mailing core_mailing_pkey; Type: CONSTRAINT; Schema: public; Owner: kinocms_user
--

ALTER TABLE ONLY public.core_mailing
    ADD CONSTRAINT core_mailing_pkey PRIMARY KEY (id);


--
-- Name: core_mailingfile core_mailingfile_pkey; Type: CONSTRAINT; Schema: public; Owner: kinocms_user
--

ALTER TABLE ONLY public.core_mailingfile
    ADD CONSTRAINT core_mailingfile_pkey PRIMARY KEY (id);


--
-- Name: core_mailingrecipient core_mailingrecipient_mailing_id_user_id_1c4a373f_uniq; Type: CONSTRAINT; Schema: public; Owner: kinocms_user
--

ALTER TABLE ONLY public.core_mailingrecipient
    ADD CONSTRAINT core_mailingrecipient_mailing_id_user_id_1c4a373f_uniq UNIQUE (mailing_id, user_id);


--
-- Name: core_mailingrecipient core_mailingrecipient_pkey; Type: CONSTRAINT; Schema: public; Owner: kinocms_user
--

ALTER TABLE ONLY public.core_mailingrecipient
    ADD CONSTRAINT core_mailingrecipient_pkey PRIMARY KEY (id);


--
-- Name: core_seoblock core_seoblock_pkey; Type: CONSTRAINT; Schema: public; Owner: kinocms_user
--

ALTER TABLE ONLY public.core_seoblock
    ADD CONSTRAINT core_seoblock_pkey PRIMARY KEY (id);


--
-- Name: django_admin_log django_admin_log_pkey; Type: CONSTRAINT; Schema: public; Owner: kinocms_user
--

ALTER TABLE ONLY public.django_admin_log
    ADD CONSTRAINT django_admin_log_pkey PRIMARY KEY (id);


--
-- Name: django_celery_results_chordcounter django_celery_results_chordcounter_group_id_key; Type: CONSTRAINT; Schema: public; Owner: kinocms_user
--

ALTER TABLE ONLY public.django_celery_results_chordcounter
    ADD CONSTRAINT django_celery_results_chordcounter_group_id_key UNIQUE (group_id);


--
-- Name: django_celery_results_chordcounter django_celery_results_chordcounter_pkey; Type: CONSTRAINT; Schema: public; Owner: kinocms_user
--

ALTER TABLE ONLY public.django_celery_results_chordcounter
    ADD CONSTRAINT django_celery_results_chordcounter_pkey PRIMARY KEY (id);


--
-- Name: django_celery_results_groupresult django_celery_results_groupresult_group_id_key; Type: CONSTRAINT; Schema: public; Owner: kinocms_user
--

ALTER TABLE ONLY public.django_celery_results_groupresult
    ADD CONSTRAINT django_celery_results_groupresult_group_id_key UNIQUE (group_id);


--
-- Name: django_celery_results_groupresult django_celery_results_groupresult_pkey; Type: CONSTRAINT; Schema: public; Owner: kinocms_user
--

ALTER TABLE ONLY public.django_celery_results_groupresult
    ADD CONSTRAINT django_celery_results_groupresult_pkey PRIMARY KEY (id);


--
-- Name: django_celery_results_taskresult django_celery_results_taskresult_pkey; Type: CONSTRAINT; Schema: public; Owner: kinocms_user
--

ALTER TABLE ONLY public.django_celery_results_taskresult
    ADD CONSTRAINT django_celery_results_taskresult_pkey PRIMARY KEY (id);


--
-- Name: django_celery_results_taskresult django_celery_results_taskresult_task_id_key; Type: CONSTRAINT; Schema: public; Owner: kinocms_user
--

ALTER TABLE ONLY public.django_celery_results_taskresult
    ADD CONSTRAINT django_celery_results_taskresult_task_id_key UNIQUE (task_id);


--
-- Name: django_content_type django_content_type_app_label_model_76bd3d3b_uniq; Type: CONSTRAINT; Schema: public; Owner: kinocms_user
--

ALTER TABLE ONLY public.django_content_type
    ADD CONSTRAINT django_content_type_app_label_model_76bd3d3b_uniq UNIQUE (app_label, model);


--
-- Name: django_content_type django_content_type_pkey; Type: CONSTRAINT; Schema: public; Owner: kinocms_user
--

ALTER TABLE ONLY public.django_content_type
    ADD CONSTRAINT django_content_type_pkey PRIMARY KEY (id);


--
-- Name: django_migrations django_migrations_pkey; Type: CONSTRAINT; Schema: public; Owner: kinocms_user
--

ALTER TABLE ONLY public.django_migrations
    ADD CONSTRAINT django_migrations_pkey PRIMARY KEY (id);


--
-- Name: django_session django_session_pkey; Type: CONSTRAINT; Schema: public; Owner: kinocms_user
--

ALTER TABLE ONLY public.django_session
    ADD CONSTRAINT django_session_pkey PRIMARY KEY (session_key);


--
-- Name: page_pagecontacts page_pagecontacts_pkey; Type: CONSTRAINT; Schema: public; Owner: kinocms_user
--

ALTER TABLE ONLY public.page_pagecontacts
    ADD CONSTRAINT page_pagecontacts_pkey PRIMARY KEY (id);


--
-- Name: page_pagecontacts page_pagecontacts_seo_block_id_key; Type: CONSTRAINT; Schema: public; Owner: kinocms_user
--

ALTER TABLE ONLY public.page_pagecontacts
    ADD CONSTRAINT page_pagecontacts_seo_block_id_key UNIQUE (seo_block_id);


--
-- Name: page_pageelse page_pageelse_pkey; Type: CONSTRAINT; Schema: public; Owner: kinocms_user
--

ALTER TABLE ONLY public.page_pageelse
    ADD CONSTRAINT page_pageelse_pkey PRIMARY KEY (id);


--
-- Name: page_pageelse page_pageelse_seo_block_id_key; Type: CONSTRAINT; Schema: public; Owner: kinocms_user
--

ALTER TABLE ONLY public.page_pageelse
    ADD CONSTRAINT page_pageelse_seo_block_id_key UNIQUE (seo_block_id);


--
-- Name: page_pageelse page_pageelse_slug_key; Type: CONSTRAINT; Schema: public; Owner: kinocms_user
--

ALTER TABLE ONLY public.page_pageelse
    ADD CONSTRAINT page_pageelse_slug_key UNIQUE (slug);


--
-- Name: page_pagemain page_pagemain_pkey; Type: CONSTRAINT; Schema: public; Owner: kinocms_user
--

ALTER TABLE ONLY public.page_pagemain
    ADD CONSTRAINT page_pagemain_pkey PRIMARY KEY (id);


--
-- Name: page_pagemain page_pagemain_seo_block_id_key; Type: CONSTRAINT; Schema: public; Owner: kinocms_user
--

ALTER TABLE ONLY public.page_pagemain
    ADD CONSTRAINT page_pagemain_seo_block_id_key UNIQUE (seo_block_id);


--
-- Name: page_pagenewssales page_pagenewssales_pkey; Type: CONSTRAINT; Schema: public; Owner: kinocms_user
--

ALTER TABLE ONLY public.page_pagenewssales
    ADD CONSTRAINT page_pagenewssales_pkey PRIMARY KEY (id);


--
-- Name: page_pagenewssales page_pagenewssales_seo_block_id_key; Type: CONSTRAINT; Schema: public; Owner: kinocms_user
--

ALTER TABLE ONLY public.page_pagenewssales
    ADD CONSTRAINT page_pagenewssales_seo_block_id_key UNIQUE (seo_block_id);


--
-- Name: users_customuser users_customuser_email_key; Type: CONSTRAINT; Schema: public; Owner: kinocms_user
--

ALTER TABLE ONLY public.users_customuser
    ADD CONSTRAINT users_customuser_email_key UNIQUE (email);


--
-- Name: users_customuser_groups users_customuser_groups_customuser_id_group_id_76b619e3_uniq; Type: CONSTRAINT; Schema: public; Owner: kinocms_user
--

ALTER TABLE ONLY public.users_customuser_groups
    ADD CONSTRAINT users_customuser_groups_customuser_id_group_id_76b619e3_uniq UNIQUE (customuser_id, group_id);


--
-- Name: users_customuser_groups users_customuser_groups_pkey; Type: CONSTRAINT; Schema: public; Owner: kinocms_user
--

ALTER TABLE ONLY public.users_customuser_groups
    ADD CONSTRAINT users_customuser_groups_pkey PRIMARY KEY (id);


--
-- Name: users_customuser users_customuser_phone_number_key; Type: CONSTRAINT; Schema: public; Owner: kinocms_user
--

ALTER TABLE ONLY public.users_customuser
    ADD CONSTRAINT users_customuser_phone_number_key UNIQUE (phone_number);


--
-- Name: users_customuser users_customuser_pkey; Type: CONSTRAINT; Schema: public; Owner: kinocms_user
--

ALTER TABLE ONLY public.users_customuser
    ADD CONSTRAINT users_customuser_pkey PRIMARY KEY (id);


--
-- Name: users_customuser_user_permissions users_customuser_user_pe_customuser_id_permission_7a7debf6_uniq; Type: CONSTRAINT; Schema: public; Owner: kinocms_user
--

ALTER TABLE ONLY public.users_customuser_user_permissions
    ADD CONSTRAINT users_customuser_user_pe_customuser_id_permission_7a7debf6_uniq UNIQUE (customuser_id, permission_id);


--
-- Name: users_customuser_user_permissions users_customuser_user_permissions_pkey; Type: CONSTRAINT; Schema: public; Owner: kinocms_user
--

ALTER TABLE ONLY public.users_customuser_user_permissions
    ADD CONSTRAINT users_customuser_user_permissions_pkey PRIMARY KEY (id);


--
-- Name: auth_group_name_a6ea08ec_like; Type: INDEX; Schema: public; Owner: kinocms_user
--

CREATE INDEX auth_group_name_a6ea08ec_like ON public.auth_group USING btree (name varchar_pattern_ops);


--
-- Name: auth_group_permissions_group_id_b120cbf9; Type: INDEX; Schema: public; Owner: kinocms_user
--

CREATE INDEX auth_group_permissions_group_id_b120cbf9 ON public.auth_group_permissions USING btree (group_id);


--
-- Name: auth_group_permissions_permission_id_84c5c92e; Type: INDEX; Schema: public; Owner: kinocms_user
--

CREATE INDEX auth_group_permissions_permission_id_84c5c92e ON public.auth_group_permissions USING btree (permission_id);


--
-- Name: auth_permission_content_type_id_2f476e4b; Type: INDEX; Schema: public; Owner: kinocms_user
--

CREATE INDEX auth_permission_content_type_id_2f476e4b ON public.auth_permission USING btree (content_type_id);


--
-- Name: banner_banneritem_slider_id_6558e318; Type: INDEX; Schema: public; Owner: kinocms_user
--

CREATE INDEX banner_banneritem_slider_id_6558e318 ON public.banner_banneritem USING btree (slider_id);


--
-- Name: banner_bottombanneritem_slider_id_a8bc6ec6; Type: INDEX; Schema: public; Owner: kinocms_user
--

CREATE INDEX banner_bottombanneritem_slider_id_a8bc6ec6 ON public.banner_bottombanneritem USING btree (slider_id);


--
-- Name: cinema_booking_seats_booking_id_5a9b39ec; Type: INDEX; Schema: public; Owner: kinocms_user
--

CREATE INDEX cinema_booking_seats_booking_id_5a9b39ec ON public.cinema_booking_seats USING btree (booking_id);


--
-- Name: cinema_booking_seats_seat_id_5cbf3df9; Type: INDEX; Schema: public; Owner: kinocms_user
--

CREATE INDEX cinema_booking_seats_seat_id_5cbf3df9 ON public.cinema_booking_seats USING btree (seat_id);


--
-- Name: cinema_booking_session_id_4ae981db; Type: INDEX; Schema: public; Owner: kinocms_user
--

CREATE INDEX cinema_booking_session_id_4ae981db ON public.cinema_booking USING btree (session_id);


--
-- Name: cinema_booking_user_id_9503550d; Type: INDEX; Schema: public; Owner: kinocms_user
--

CREATE INDEX cinema_booking_user_id_9503550d ON public.cinema_booking USING btree (user_id);


--
-- Name: cinema_cinema_gallery_id_8690ab2b; Type: INDEX; Schema: public; Owner: kinocms_user
--

CREATE INDEX cinema_cinema_gallery_id_8690ab2b ON public.cinema_cinema USING btree (gallery_id);


--
-- Name: cinema_cinema_name_81da59ca_like; Type: INDEX; Schema: public; Owner: kinocms_user
--

CREATE INDEX cinema_cinema_name_81da59ca_like ON public.cinema_cinema USING btree (name varchar_pattern_ops);


--
-- Name: cinema_cinema_name_en_8e0bbcd2_like; Type: INDEX; Schema: public; Owner: kinocms_user
--

CREATE INDEX cinema_cinema_name_en_8e0bbcd2_like ON public.cinema_cinema USING btree (name_uk varchar_pattern_ops);


--
-- Name: cinema_cinema_name_ru_eec02154_like; Type: INDEX; Schema: public; Owner: kinocms_user
--

CREATE INDEX cinema_cinema_name_ru_eec02154_like ON public.cinema_cinema USING btree (name_ru varchar_pattern_ops);


--
-- Name: cinema_hall_cinema_id_95da92d0; Type: INDEX; Schema: public; Owner: kinocms_user
--

CREATE INDEX cinema_hall_cinema_id_95da92d0 ON public.cinema_hall USING btree (cinema_id);


--
-- Name: cinema_hall_gallery_id_1ee2d818; Type: INDEX; Schema: public; Owner: kinocms_user
--

CREATE INDEX cinema_hall_gallery_id_1ee2d818 ON public.cinema_hall USING btree (gallery_id);


--
-- Name: cinema_hall_number_865285e8_like; Type: INDEX; Schema: public; Owner: kinocms_user
--

CREATE INDEX cinema_hall_number_865285e8_like ON public.cinema_hall USING btree (name varchar_pattern_ops);


--
-- Name: cinema_movie_gallery_id_36ed3d54; Type: INDEX; Schema: public; Owner: kinocms_user
--

CREATE INDEX cinema_movie_gallery_id_36ed3d54 ON public.cinema_movie USING btree (gallery_id);


--
-- Name: cinema_movie_title_28bec506_like; Type: INDEX; Schema: public; Owner: kinocms_user
--

CREATE INDEX cinema_movie_title_28bec506_like ON public.cinema_movie USING btree (name varchar_pattern_ops);


--
-- Name: cinema_movie_title_en_7950134c_like; Type: INDEX; Schema: public; Owner: kinocms_user
--

CREATE INDEX cinema_movie_title_en_7950134c_like ON public.cinema_movie USING btree (name_ru varchar_pattern_ops);


--
-- Name: cinema_movie_title_ru_e7e8595c_like; Type: INDEX; Schema: public; Owner: kinocms_user
--

CREATE INDEX cinema_movie_title_ru_e7e8595c_like ON public.cinema_movie USING btree (name_uk varchar_pattern_ops);


--
-- Name: cinema_seat_hall_id_7f536e55; Type: INDEX; Schema: public; Owner: kinocms_user
--

CREATE INDEX cinema_seat_hall_id_7f536e55 ON public.cinema_seat USING btree (hall_id);


--
-- Name: cinema_session_hall_id_128d51db; Type: INDEX; Schema: public; Owner: kinocms_user
--

CREATE INDEX cinema_session_hall_id_128d51db ON public.cinema_session USING btree (hall_id);


--
-- Name: cinema_session_movie_id_6d1b4552; Type: INDEX; Schema: public; Owner: kinocms_user
--

CREATE INDEX cinema_session_movie_id_6d1b4552 ON public.cinema_session USING btree (movie_id);


--
-- Name: core_image_gallery_id_6072abcd; Type: INDEX; Schema: public; Owner: kinocms_user
--

CREATE INDEX core_image_gallery_id_6072abcd ON public.core_galleryimage USING btree (gallery_id);


--
-- Name: core_mailing_file_id_a4d158d3; Type: INDEX; Schema: public; Owner: kinocms_user
--

CREATE INDEX core_mailing_file_id_a4d158d3 ON public.core_mailing USING btree (file_id);


--
-- Name: core_mailingrecipient_mailing_id_40a52264; Type: INDEX; Schema: public; Owner: kinocms_user
--

CREATE INDEX core_mailingrecipient_mailing_id_40a52264 ON public.core_mailingrecipient USING btree (mailing_id);


--
-- Name: core_mailingrecipient_user_id_7fa1e1b7; Type: INDEX; Schema: public; Owner: kinocms_user
--

CREATE INDEX core_mailingrecipient_user_id_7fa1e1b7 ON public.core_mailingrecipient USING btree (user_id);


--
-- Name: django_admin_log_content_type_id_c4bce8eb; Type: INDEX; Schema: public; Owner: kinocms_user
--

CREATE INDEX django_admin_log_content_type_id_c4bce8eb ON public.django_admin_log USING btree (content_type_id);


--
-- Name: django_admin_log_user_id_c564eba6; Type: INDEX; Schema: public; Owner: kinocms_user
--

CREATE INDEX django_admin_log_user_id_c564eba6 ON public.django_admin_log USING btree (user_id);


--
-- Name: django_cele_date_cr_bd6c1d_idx; Type: INDEX; Schema: public; Owner: kinocms_user
--

CREATE INDEX django_cele_date_cr_bd6c1d_idx ON public.django_celery_results_groupresult USING btree (date_created);


--
-- Name: django_cele_date_cr_f04a50_idx; Type: INDEX; Schema: public; Owner: kinocms_user
--

CREATE INDEX django_cele_date_cr_f04a50_idx ON public.django_celery_results_taskresult USING btree (date_created);


--
-- Name: django_cele_date_do_caae0e_idx; Type: INDEX; Schema: public; Owner: kinocms_user
--

CREATE INDEX django_cele_date_do_caae0e_idx ON public.django_celery_results_groupresult USING btree (date_done);


--
-- Name: django_cele_date_do_f59aad_idx; Type: INDEX; Schema: public; Owner: kinocms_user
--

CREATE INDEX django_cele_date_do_f59aad_idx ON public.django_celery_results_taskresult USING btree (date_done);


--
-- Name: django_cele_periodi_1993cf_idx; Type: INDEX; Schema: public; Owner: kinocms_user
--

CREATE INDEX django_cele_periodi_1993cf_idx ON public.django_celery_results_taskresult USING btree (periodic_task_name);


--
-- Name: django_cele_status_9b6201_idx; Type: INDEX; Schema: public; Owner: kinocms_user
--

CREATE INDEX django_cele_status_9b6201_idx ON public.django_celery_results_taskresult USING btree (status);


--
-- Name: django_cele_task_na_08aec9_idx; Type: INDEX; Schema: public; Owner: kinocms_user
--

CREATE INDEX django_cele_task_na_08aec9_idx ON public.django_celery_results_taskresult USING btree (task_name);


--
-- Name: django_cele_worker_d54dd8_idx; Type: INDEX; Schema: public; Owner: kinocms_user
--

CREATE INDEX django_cele_worker_d54dd8_idx ON public.django_celery_results_taskresult USING btree (worker);


--
-- Name: django_celery_results_chordcounter_group_id_1f70858c_like; Type: INDEX; Schema: public; Owner: kinocms_user
--

CREATE INDEX django_celery_results_chordcounter_group_id_1f70858c_like ON public.django_celery_results_chordcounter USING btree (group_id varchar_pattern_ops);


--
-- Name: django_celery_results_groupresult_group_id_a085f1a9_like; Type: INDEX; Schema: public; Owner: kinocms_user
--

CREATE INDEX django_celery_results_groupresult_group_id_a085f1a9_like ON public.django_celery_results_groupresult USING btree (group_id varchar_pattern_ops);


--
-- Name: django_celery_results_taskresult_task_id_de0d95bf_like; Type: INDEX; Schema: public; Owner: kinocms_user
--

CREATE INDEX django_celery_results_taskresult_task_id_de0d95bf_like ON public.django_celery_results_taskresult USING btree (task_id varchar_pattern_ops);


--
-- Name: django_session_expire_date_a5c62663; Type: INDEX; Schema: public; Owner: kinocms_user
--

CREATE INDEX django_session_expire_date_a5c62663 ON public.django_session USING btree (expire_date);


--
-- Name: django_session_session_key_c0390e0f_like; Type: INDEX; Schema: public; Owner: kinocms_user
--

CREATE INDEX django_session_session_key_c0390e0f_like ON public.django_session USING btree (session_key varchar_pattern_ops);


--
-- Name: page_pageelse_gallery_id_414458b8; Type: INDEX; Schema: public; Owner: kinocms_user
--

CREATE INDEX page_pageelse_gallery_id_414458b8 ON public.page_pageelse USING btree (gallery_id);


--
-- Name: page_pageelse_slug_b7b93e1f_like; Type: INDEX; Schema: public; Owner: kinocms_user
--

CREATE INDEX page_pageelse_slug_b7b93e1f_like ON public.page_pageelse USING btree (slug varchar_pattern_ops);


--
-- Name: page_pagenewssales_gallery_id_0577fdb5; Type: INDEX; Schema: public; Owner: kinocms_user
--

CREATE INDEX page_pagenewssales_gallery_id_0577fdb5 ON public.page_pagenewssales USING btree (gallery_id);


--
-- Name: unique_nickname_when_not_null; Type: INDEX; Schema: public; Owner: kinocms_user
--

CREATE UNIQUE INDEX unique_nickname_when_not_null ON public.users_customuser USING btree (nickname) WHERE (nickname IS NOT NULL);


--
-- Name: users_customuser_email_6445acef_like; Type: INDEX; Schema: public; Owner: kinocms_user
--

CREATE INDEX users_customuser_email_6445acef_like ON public.users_customuser USING btree (email varchar_pattern_ops);


--
-- Name: users_customuser_groups_customuser_id_958147bf; Type: INDEX; Schema: public; Owner: kinocms_user
--

CREATE INDEX users_customuser_groups_customuser_id_958147bf ON public.users_customuser_groups USING btree (customuser_id);


--
-- Name: users_customuser_groups_group_id_01390b14; Type: INDEX; Schema: public; Owner: kinocms_user
--

CREATE INDEX users_customuser_groups_group_id_01390b14 ON public.users_customuser_groups USING btree (group_id);


--
-- Name: users_customuser_phone_number_c8ef076b_like; Type: INDEX; Schema: public; Owner: kinocms_user
--

CREATE INDEX users_customuser_phone_number_c8ef076b_like ON public.users_customuser USING btree (phone_number varchar_pattern_ops);


--
-- Name: users_customuser_user_permissions_customuser_id_5771478b; Type: INDEX; Schema: public; Owner: kinocms_user
--

CREATE INDEX users_customuser_user_permissions_customuser_id_5771478b ON public.users_customuser_user_permissions USING btree (customuser_id);


--
-- Name: users_customuser_user_permissions_permission_id_baaa2f74; Type: INDEX; Schema: public; Owner: kinocms_user
--

CREATE INDEX users_customuser_user_permissions_permission_id_baaa2f74 ON public.users_customuser_user_permissions USING btree (permission_id);


--
-- Name: auth_group_permissions auth_group_permissio_permission_id_84c5c92e_fk_auth_perm; Type: FK CONSTRAINT; Schema: public; Owner: kinocms_user
--

ALTER TABLE ONLY public.auth_group_permissions
    ADD CONSTRAINT auth_group_permissio_permission_id_84c5c92e_fk_auth_perm FOREIGN KEY (permission_id) REFERENCES public.auth_permission(id) DEFERRABLE INITIALLY DEFERRED;


--
-- Name: auth_group_permissions auth_group_permissions_group_id_b120cbf9_fk_auth_group_id; Type: FK CONSTRAINT; Schema: public; Owner: kinocms_user
--

ALTER TABLE ONLY public.auth_group_permissions
    ADD CONSTRAINT auth_group_permissions_group_id_b120cbf9_fk_auth_group_id FOREIGN KEY (group_id) REFERENCES public.auth_group(id) DEFERRABLE INITIALLY DEFERRED;


--
-- Name: auth_permission auth_permission_content_type_id_2f476e4b_fk_django_co; Type: FK CONSTRAINT; Schema: public; Owner: kinocms_user
--

ALTER TABLE ONLY public.auth_permission
    ADD CONSTRAINT auth_permission_content_type_id_2f476e4b_fk_django_co FOREIGN KEY (content_type_id) REFERENCES public.django_content_type(id) DEFERRABLE INITIALLY DEFERRED;


--
-- Name: banner_banneritem banner_banneritem_slider_id_6558e318_fk_banner_bannerslider_id; Type: FK CONSTRAINT; Schema: public; Owner: kinocms_user
--

ALTER TABLE ONLY public.banner_banneritem
    ADD CONSTRAINT banner_banneritem_slider_id_6558e318_fk_banner_bannerslider_id FOREIGN KEY (slider_id) REFERENCES public.banner_bannerslider(id) DEFERRABLE INITIALLY DEFERRED;


--
-- Name: banner_bottombanneritem banner_bottombanneri_slider_id_a8bc6ec6_fk_banner_bo; Type: FK CONSTRAINT; Schema: public; Owner: kinocms_user
--

ALTER TABLE ONLY public.banner_bottombanneritem
    ADD CONSTRAINT banner_bottombanneri_slider_id_a8bc6ec6_fk_banner_bo FOREIGN KEY (slider_id) REFERENCES public.banner_bottombannerslider(id) DEFERRABLE INITIALLY DEFERRED;


--
-- Name: cinema_booking_seats cinema_booking_seats_booking_id_5a9b39ec_fk_cinema_booking_id; Type: FK CONSTRAINT; Schema: public; Owner: kinocms_user
--

ALTER TABLE ONLY public.cinema_booking_seats
    ADD CONSTRAINT cinema_booking_seats_booking_id_5a9b39ec_fk_cinema_booking_id FOREIGN KEY (booking_id) REFERENCES public.cinema_booking(id) DEFERRABLE INITIALLY DEFERRED;


--
-- Name: cinema_booking_seats cinema_booking_seats_seat_id_5cbf3df9_fk_cinema_seat_id; Type: FK CONSTRAINT; Schema: public; Owner: kinocms_user
--

ALTER TABLE ONLY public.cinema_booking_seats
    ADD CONSTRAINT cinema_booking_seats_seat_id_5cbf3df9_fk_cinema_seat_id FOREIGN KEY (seat_id) REFERENCES public.cinema_seat(id) DEFERRABLE INITIALLY DEFERRED;


--
-- Name: cinema_booking cinema_booking_session_id_4ae981db_fk_cinema_session_id; Type: FK CONSTRAINT; Schema: public; Owner: kinocms_user
--

ALTER TABLE ONLY public.cinema_booking
    ADD CONSTRAINT cinema_booking_session_id_4ae981db_fk_cinema_session_id FOREIGN KEY (session_id) REFERENCES public.cinema_session(id) DEFERRABLE INITIALLY DEFERRED;


--
-- Name: cinema_booking cinema_booking_user_id_9503550d_fk_users_customuser_id; Type: FK CONSTRAINT; Schema: public; Owner: kinocms_user
--

ALTER TABLE ONLY public.cinema_booking
    ADD CONSTRAINT cinema_booking_user_id_9503550d_fk_users_customuser_id FOREIGN KEY (user_id) REFERENCES public.users_customuser(id) DEFERRABLE INITIALLY DEFERRED;


--
-- Name: cinema_cinema cinema_cinema_gallery_id_8690ab2b_fk_core_gallery_id; Type: FK CONSTRAINT; Schema: public; Owner: kinocms_user
--

ALTER TABLE ONLY public.cinema_cinema
    ADD CONSTRAINT cinema_cinema_gallery_id_8690ab2b_fk_core_gallery_id FOREIGN KEY (gallery_id) REFERENCES public.core_gallery(id) DEFERRABLE INITIALLY DEFERRED;


--
-- Name: cinema_cinema cinema_cinema_seo_block_id_6756c207_fk_core_seoblock_id; Type: FK CONSTRAINT; Schema: public; Owner: kinocms_user
--

ALTER TABLE ONLY public.cinema_cinema
    ADD CONSTRAINT cinema_cinema_seo_block_id_6756c207_fk_core_seoblock_id FOREIGN KEY (seo_block_id) REFERENCES public.core_seoblock(id) DEFERRABLE INITIALLY DEFERRED;


--
-- Name: cinema_hall cinema_hall_cinema_id_95da92d0_fk_cinema_cinema_id; Type: FK CONSTRAINT; Schema: public; Owner: kinocms_user
--

ALTER TABLE ONLY public.cinema_hall
    ADD CONSTRAINT cinema_hall_cinema_id_95da92d0_fk_cinema_cinema_id FOREIGN KEY (cinema_id) REFERENCES public.cinema_cinema(id) DEFERRABLE INITIALLY DEFERRED;


--
-- Name: cinema_hall cinema_hall_gallery_id_1ee2d818_fk_core_gallery_id; Type: FK CONSTRAINT; Schema: public; Owner: kinocms_user
--

ALTER TABLE ONLY public.cinema_hall
    ADD CONSTRAINT cinema_hall_gallery_id_1ee2d818_fk_core_gallery_id FOREIGN KEY (gallery_id) REFERENCES public.core_gallery(id) DEFERRABLE INITIALLY DEFERRED;


--
-- Name: cinema_hall cinema_hall_seo_block_id_5e2caa3e_fk_core_seoblock_id; Type: FK CONSTRAINT; Schema: public; Owner: kinocms_user
--

ALTER TABLE ONLY public.cinema_hall
    ADD CONSTRAINT cinema_hall_seo_block_id_5e2caa3e_fk_core_seoblock_id FOREIGN KEY (seo_block_id) REFERENCES public.core_seoblock(id) DEFERRABLE INITIALLY DEFERRED;


--
-- Name: cinema_movie cinema_movie_gallery_id_36ed3d54_fk_core_gallery_id; Type: FK CONSTRAINT; Schema: public; Owner: kinocms_user
--

ALTER TABLE ONLY public.cinema_movie
    ADD CONSTRAINT cinema_movie_gallery_id_36ed3d54_fk_core_gallery_id FOREIGN KEY (gallery_id) REFERENCES public.core_gallery(id) DEFERRABLE INITIALLY DEFERRED;


--
-- Name: cinema_movie cinema_movie_seo_block_id_5cbdb97a_fk_core_seoblock_id; Type: FK CONSTRAINT; Schema: public; Owner: kinocms_user
--

ALTER TABLE ONLY public.cinema_movie
    ADD CONSTRAINT cinema_movie_seo_block_id_5cbdb97a_fk_core_seoblock_id FOREIGN KEY (seo_block_id) REFERENCES public.core_seoblock(id) DEFERRABLE INITIALLY DEFERRED;


--
-- Name: cinema_seat cinema_seat_hall_id_7f536e55_fk_cinema_hall_id; Type: FK CONSTRAINT; Schema: public; Owner: kinocms_user
--

ALTER TABLE ONLY public.cinema_seat
    ADD CONSTRAINT cinema_seat_hall_id_7f536e55_fk_cinema_hall_id FOREIGN KEY (hall_id) REFERENCES public.cinema_hall(id) DEFERRABLE INITIALLY DEFERRED;


--
-- Name: cinema_session cinema_session_hall_id_128d51db_fk_cinema_hall_id; Type: FK CONSTRAINT; Schema: public; Owner: kinocms_user
--

ALTER TABLE ONLY public.cinema_session
    ADD CONSTRAINT cinema_session_hall_id_128d51db_fk_cinema_hall_id FOREIGN KEY (hall_id) REFERENCES public.cinema_hall(id) DEFERRABLE INITIALLY DEFERRED;


--
-- Name: cinema_session cinema_session_movie_id_6d1b4552_fk_cinema_movie_id; Type: FK CONSTRAINT; Schema: public; Owner: kinocms_user
--

ALTER TABLE ONLY public.cinema_session
    ADD CONSTRAINT cinema_session_movie_id_6d1b4552_fk_cinema_movie_id FOREIGN KEY (movie_id) REFERENCES public.cinema_movie(id) DEFERRABLE INITIALLY DEFERRED;


--
-- Name: core_galleryimage core_image_gallery_id_6072abcd_fk_core_gallery_id; Type: FK CONSTRAINT; Schema: public; Owner: kinocms_user
--

ALTER TABLE ONLY public.core_galleryimage
    ADD CONSTRAINT core_image_gallery_id_6072abcd_fk_core_gallery_id FOREIGN KEY (gallery_id) REFERENCES public.core_gallery(id) DEFERRABLE INITIALLY DEFERRED;


--
-- Name: core_mailing core_mailing_file_id_a4d158d3_fk_core_mailingfile_id; Type: FK CONSTRAINT; Schema: public; Owner: kinocms_user
--

ALTER TABLE ONLY public.core_mailing
    ADD CONSTRAINT core_mailing_file_id_a4d158d3_fk_core_mailingfile_id FOREIGN KEY (file_id) REFERENCES public.core_mailingfile(id) DEFERRABLE INITIALLY DEFERRED;


--
-- Name: core_mailingrecipient core_mailingrecipient_mailing_id_40a52264_fk_core_mailing_id; Type: FK CONSTRAINT; Schema: public; Owner: kinocms_user
--

ALTER TABLE ONLY public.core_mailingrecipient
    ADD CONSTRAINT core_mailingrecipient_mailing_id_40a52264_fk_core_mailing_id FOREIGN KEY (mailing_id) REFERENCES public.core_mailing(id) DEFERRABLE INITIALLY DEFERRED;


--
-- Name: core_mailingrecipient core_mailingrecipient_user_id_7fa1e1b7_fk_users_customuser_id; Type: FK CONSTRAINT; Schema: public; Owner: kinocms_user
--

ALTER TABLE ONLY public.core_mailingrecipient
    ADD CONSTRAINT core_mailingrecipient_user_id_7fa1e1b7_fk_users_customuser_id FOREIGN KEY (user_id) REFERENCES public.users_customuser(id) DEFERRABLE INITIALLY DEFERRED;


--
-- Name: django_admin_log django_admin_log_content_type_id_c4bce8eb_fk_django_co; Type: FK CONSTRAINT; Schema: public; Owner: kinocms_user
--

ALTER TABLE ONLY public.django_admin_log
    ADD CONSTRAINT django_admin_log_content_type_id_c4bce8eb_fk_django_co FOREIGN KEY (content_type_id) REFERENCES public.django_content_type(id) DEFERRABLE INITIALLY DEFERRED;


--
-- Name: django_admin_log django_admin_log_user_id_c564eba6_fk_users_customuser_id; Type: FK CONSTRAINT; Schema: public; Owner: kinocms_user
--

ALTER TABLE ONLY public.django_admin_log
    ADD CONSTRAINT django_admin_log_user_id_c564eba6_fk_users_customuser_id FOREIGN KEY (user_id) REFERENCES public.users_customuser(id) DEFERRABLE INITIALLY DEFERRED;


--
-- Name: page_pagecontacts page_pagecontacts_seo_block_id_563b1df9_fk_core_seoblock_id; Type: FK CONSTRAINT; Schema: public; Owner: kinocms_user
--

ALTER TABLE ONLY public.page_pagecontacts
    ADD CONSTRAINT page_pagecontacts_seo_block_id_563b1df9_fk_core_seoblock_id FOREIGN KEY (seo_block_id) REFERENCES public.core_seoblock(id) DEFERRABLE INITIALLY DEFERRED;


--
-- Name: page_pageelse page_pageelse_gallery_id_414458b8_fk_core_gallery_id; Type: FK CONSTRAINT; Schema: public; Owner: kinocms_user
--

ALTER TABLE ONLY public.page_pageelse
    ADD CONSTRAINT page_pageelse_gallery_id_414458b8_fk_core_gallery_id FOREIGN KEY (gallery_id) REFERENCES public.core_gallery(id) DEFERRABLE INITIALLY DEFERRED;


--
-- Name: page_pageelse page_pageelse_seo_block_id_4aff9d16_fk_core_seoblock_id; Type: FK CONSTRAINT; Schema: public; Owner: kinocms_user
--

ALTER TABLE ONLY public.page_pageelse
    ADD CONSTRAINT page_pageelse_seo_block_id_4aff9d16_fk_core_seoblock_id FOREIGN KEY (seo_block_id) REFERENCES public.core_seoblock(id) DEFERRABLE INITIALLY DEFERRED;


--
-- Name: page_pagemain page_pagemain_seo_block_id_771a4063_fk_core_seoblock_id; Type: FK CONSTRAINT; Schema: public; Owner: kinocms_user
--

ALTER TABLE ONLY public.page_pagemain
    ADD CONSTRAINT page_pagemain_seo_block_id_771a4063_fk_core_seoblock_id FOREIGN KEY (seo_block_id) REFERENCES public.core_seoblock(id) DEFERRABLE INITIALLY DEFERRED;


--
-- Name: page_pagenewssales page_pagenewssales_gallery_id_0577fdb5_fk_core_gallery_id; Type: FK CONSTRAINT; Schema: public; Owner: kinocms_user
--

ALTER TABLE ONLY public.page_pagenewssales
    ADD CONSTRAINT page_pagenewssales_gallery_id_0577fdb5_fk_core_gallery_id FOREIGN KEY (gallery_id) REFERENCES public.core_gallery(id) DEFERRABLE INITIALLY DEFERRED;


--
-- Name: page_pagenewssales page_pagenewssales_seo_block_id_fdc73dd7_fk_core_seoblock_id; Type: FK CONSTRAINT; Schema: public; Owner: kinocms_user
--

ALTER TABLE ONLY public.page_pagenewssales
    ADD CONSTRAINT page_pagenewssales_seo_block_id_fdc73dd7_fk_core_seoblock_id FOREIGN KEY (seo_block_id) REFERENCES public.core_seoblock(id) DEFERRABLE INITIALLY DEFERRED;


--
-- Name: users_customuser_groups users_customuser_gro_customuser_id_958147bf_fk_users_cus; Type: FK CONSTRAINT; Schema: public; Owner: kinocms_user
--

ALTER TABLE ONLY public.users_customuser_groups
    ADD CONSTRAINT users_customuser_gro_customuser_id_958147bf_fk_users_cus FOREIGN KEY (customuser_id) REFERENCES public.users_customuser(id) DEFERRABLE INITIALLY DEFERRED;


--
-- Name: users_customuser_groups users_customuser_groups_group_id_01390b14_fk_auth_group_id; Type: FK CONSTRAINT; Schema: public; Owner: kinocms_user
--

ALTER TABLE ONLY public.users_customuser_groups
    ADD CONSTRAINT users_customuser_groups_group_id_01390b14_fk_auth_group_id FOREIGN KEY (group_id) REFERENCES public.auth_group(id) DEFERRABLE INITIALLY DEFERRED;


--
-- Name: users_customuser_user_permissions users_customuser_use_customuser_id_5771478b_fk_users_cus; Type: FK CONSTRAINT; Schema: public; Owner: kinocms_user
--

ALTER TABLE ONLY public.users_customuser_user_permissions
    ADD CONSTRAINT users_customuser_use_customuser_id_5771478b_fk_users_cus FOREIGN KEY (customuser_id) REFERENCES public.users_customuser(id) DEFERRABLE INITIALLY DEFERRED;


--
-- Name: users_customuser_user_permissions users_customuser_use_permission_id_baaa2f74_fk_auth_perm; Type: FK CONSTRAINT; Schema: public; Owner: kinocms_user
--

ALTER TABLE ONLY public.users_customuser_user_permissions
    ADD CONSTRAINT users_customuser_use_permission_id_baaa2f74_fk_auth_perm FOREIGN KEY (permission_id) REFERENCES public.auth_permission(id) DEFERRABLE INITIALLY DEFERRED;


--
-- Name: SCHEMA public; Type: ACL; Schema: -; Owner: pg_database_owner
--

REVOKE USAGE ON SCHEMA public FROM PUBLIC;
GRANT ALL ON SCHEMA public TO PUBLIC;
GRANT ALL ON SCHEMA public TO postgres;


--
-- PostgreSQL database dump complete
--

\unrestrict JjxhHh4dfGdFKoLSEGopd6lPbMCBnfjpCBx0jNLADO1efCumaGm8CCWzHYakFAC

